Shipment Code,CV Number,No. Of Sacks,Total CBM,Weight,Shipment Status,Posting Date,Order Date,Payment,Product,Product Code,Age Range,Unit,Unit Price,Quantity,Shipping Fee 1,Exchange Rates,PHP,Sub Total (PHP),Transaction Fee,Grand Total,Shipping Fee 2,Shipping Fee 3,Packaging,Suggested Price,Actual Price,Base Price,COGS,Projected Sales Total,Projected Profit,Projected Profit (%),Total Markup
KPC 23930A-00169,,,,,,010425,,Paid,Milkberry / Beau Et. Belle,,0-9 months,pc,1.70,2175,0.00,60.00,,,,,"4,575.00","1,500.00","1,500.00",,135.00,,,,,,
KPC 23930A-00171,,,,,,012025,,Paid,Frogsuits With Hanger,,0-24 months,pc,1.15,1000,0.00,61.00,,,,,"6,346.15","1,153.85","1,153.85",,119.00,,,,,,
KPC 23930A-00171,,,,,,012025,,Paid,Bibs,,0-24 months,pc,0.20,1500,0.00,61.00,,,,,"1,903.85",346.15,346.15,,20.00,,,,,,
KPC 23930A-00172,,,,,,012125,,Paid,Premium Tops,,0-24 months,pc,0.86,1977,12.00,60.00,,,,,"4,000.00",800.00,800.00,,75.00,,,,,,
KPC 23930A-00172,,,,,,012125,,Paid,Pajama Set,,12m-4T,set,1.86,93,13.00,60.00,,,,,500.00,100.00,100.00,,160.00,,,,,,
KPC 23930A-00172,,,,,,120424,,Paid,H&M Organic Longsleeves Onesie,,0-6,pc,0.69,1549,19.00,60.00,,,,,"4,800.00","1,500.00","1,500.00",,57.00,,,,,,
KPC 23930A-00173,,,,,,012525,,Paid,Sleeveless Onesie,,0-18,pc,0.69,1520,10.26,60.00,,,,,"2,051.41",305.27,305.27,,60.00,,,,,,
KPC 23930A-00173,,,,,,012525,,Paid,Tex Hooded Baby Towelette,,6m-23m,pc,1.20,1022,20.69,60.00,,,,,"4,137.92",615.76,615.76,,110.00,,,,,,
KPC 23930A-00173,,,,,,012525,,Paid,Carters Pajama,,0-2T,pc,0.50,3931,53.05,60.00,,,,,"10,610.67","1,578.97","1,578.97",,55.00,,,,,,
KPC 23930A-00174,,,,,,020225,,Paid,Baby Short,,0-24m,pc,0.43,1000,0.00,61.00,,,,,"1,331.25",375.00,375.00,,39.00,,,,,,
KPC 23930A-00174,,,,,,020225,,Paid,Baby Pants,,0-24m,pc,0.43,1500,0.00,61.00,,,,,"3,993.75","1,125.00","1,125.00",,45.00,,,,,,
KPC 23930A-00175,,,,,,012425,,Paid,Disney Jogger Pants,,0-24 months,pc,0.56,3862,39.45,60.00,,,,,"11,045.56","1,643.68","1,643.68",,60.00,,,,,,
KPC 23930A-00175,,,,,,012425,,Paid,Tahari Dress,,3m-5T,pc,2.50,278,5.68,60.00,,,,,"1,590.19",236.64,236.64,,215.00,,,,,,
KPC 23930A-00175,,,,,,012425,,Paid,Organic Jessica Simpson Summer Dress,,18m-8Y,pc,2.50,728,14.87,60.00,,,,,"4,164.25",619.68,619.68,,235.00,,,,,,
KPC 23930A-00176,,,,,,021025,,Paid,Bonnets,,0-24m,pc,0.20,1500,0.00,60.00,,,,,694.57,104.35,104.35,,18.00,,,,,,
KPC 23930A-00176,,,,,,021025,,Paid,Baby Pants,,0-24m,pc,0.43,1000,0.00,60.00,,,,,"2,315.22",347.83,347.83,,39.00,,,,,,
KPC 23930A-00176,,,,,,021025,,Paid,Frogsuits,,0-24m,pc,1.20,500,0.00,60.00,,,,,"2,315.22",347.83,347.83,,105.00,,,,,,
KPC 23930A-00177,,,,,,012825,,Paid,H&M Organic Pants,,2m-4T,pc,0.76,409,2.87,61.00,,,,,"1,201.08",191.26,191.26,,80.00,,,,,,
KPC 23930A-00177,,,,,,012825,,Paid,H&M Organic Shorts,,0-3T,pc,0.69,40,0.28,61.00,,,,,117.47,18.70,18.70,,75.00,,,,,,
KPC 23930A-00177,,,,,,012825,,Paid,H&M Organic Jogger,,1m-9m,pc,0.76,89,0.62,61.00,,,,,261.36,41.62,41.62,,80.00,,,,,,
KPC 23930A-00177,,,,,,012825,,Paid,H&M Ribbed Leggings,,2m-3T,pc,0.76,69,0.48,61.00,,,,,202.63,32.27,32.27,,75.00,,,,,,
KPC 23930A-00177,,,,,,012825,,Paid,H&M Rompers,,3m-10T,pc,1.53,37,0.52,61.00,,,,,217.31,34.60,34.60,,150.00,,,,,,
KPC 23930A-00177,,,,,,012825,,Paid,H&M Baby Tops,,4m-4T,pc,1.39,41,0.29,61.00,,,,,120.40,19.17,19.17,,125.00,,,,,,
KPC 23930A-00177,,,,,,012825,,Paid,H&M Skirt,,2T-12T,pc,0.84,51,0.36,61.00,,,,,149.77,23.85,23.85,,85.00,,,,,,
KPC 23930A-00177,,,,,,012825,,Paid,Premium Footed Pants,,0-18m,pc,0.56,1171,8.21,61.00,,,,,"3,438.80",547.58,547.58,,58.00,,,,,,
KPC 23930A-00177,,,,,,012825,,Paid,Guess Frogsuit,,0-9m,pc,1.80,49,0.69,61.00,,,,,287.79,45.83,45.83,,190.00,,,,,,
KPC 23930A-00177,,,,,,012825,,Paid,Milkberry Frogsuit,,0-24m,pc,1.66,523,7.34,61.00,,,,,"3,071.72",489.13,489.13,,145.00,,,,,,
KPC 23930A-00177,,,,,,012825,,Paid,Frogsuits With Accessories,,0-9m,set,2.08,168,3.54,61.00,,,,,"1,480.07",235.68,235.68,,185.00,,,,,,
KPC 23930A-00177,,,,,,012825,,Paid,2-PC Frogsuit,,0-9m,set,2.78,65,2.28,61.00,,,,,954.41,151.98,151.98,,240.00,,,,,,
KPC 23930A-00177,,,,,,012825,,Paid,3-PC Set,,0-9m,set,2.20,90,2.53,61.00,,,,,"1,057.19",168.34,168.34,,185.00,,,,,,
KPC 23930A-00178,,,,,,021425,,Paid,Mixed Tops,,0-24m,pc,0.65,1000,0.00,60.00,,,,,"2,250.00","1,000.00","1,000.00",,55.00,,,,,,
KPC 23930A-00180,,,,,,020525,,Paid,Organic Baby Polo,,3m-4T,pc,1.78,1370,0.00,61.00,,,,,"3,312.46",707.79,707.79,,159.00,,,,,,
KPC 23930A-00180,,,,,,020725,,Paid,Organic Tops,,3m-4T,pc,1.20,2420,0.00,61.00,,,,,"5,851.21","1,250.26","1,250.26",,115.00,,,,,,
KPC 23930A-00180,,,,,,020425,,Paid,Organic Pants,,3m-4T,pc,0.71,200,0.00,61.00,,,,,483.57,103.33,103.33,,85.00,,,,,,
KPC 23930A-00180,,,,,,020425,,Paid,Organic Shorts,,3m-4T,pc,0.71,1698,0.00,61.00,,,,,"2,052.76",438.62,438.62,,70.00,,,,,,
KPC 23930A-00182,,,,,,011925,,Paid,Organic Longsleeves Onesies,,0-9 mon.,pc,1.13,4140,0.00,61.00,,,,,"10,797.36",828.44,828.44,,89.00,,,,,,
KPC 23930A-00182,,,,,,011925,,Paid,Organic Shortsleeves Onesies,,0-9 mon.,pc,1.13,5034,0.00,61.00,,,,,"8,752.64",671.56,671.56,,86.00,,,,,,
,,,,,,,,Paid,Carters Baby Shorts,,6m-2T,pc,0.40,,,60.00,,,,,,,,,,,,,,,
KPC 23930A-00181,,,,,,020725,,Paid,Champion Shirts,,2-18Y,pc,1.34,2714,0.00,60.00,,,,,"12,560.00","2,500.00","2,500.00",,127.00,,,,,,
KPC 23930A-00179,,,,,,022225,,Paid,Hallmark Frogsuit,,0-12m,set,2.56,93,2.53,61.00,,,,,"1,057.19",168.34,168.34,,240.00,,,,,,
KPC 23930A-00179,,,,,,022225,,Paid,Corduroy Shorts,,9m-5T,pc,0.83,215,1.00,61.00,,,,,"1,360.00",200.00,200.00,,85.00,,,,,,
KPC 23930A-00179,,,,,,022425,,Paid,Frogsuits,,0-24m,pc,1.00,190,3.47,61.00,,,,,"1,000.00",500.00,500.00,,105.00,,,,,,
KPC 23930A-00182,,,,,,022825,,Paid,Organic Dress,,3m-4T,pc,1.84,837,0.00,61.00,,,,,"3,000.00",400.00,400.00,,165.00,,,,,,
KPC 23930A-00182,,,,,,030125,,Paid,Organic Sleeveless Tops,,3-4T,pc,1.84,1572,0.00,61.00,,,,,"1,500.00",600.00,600.00,,128.00,,,,,,
KPC 23930A-00183,,,,,,030425,,Paid,Zutano Frogsuit,,12m-18m,pc,1.32,675,16.03,61.00,,,,,"3,206.65",801.66,801.66,,99.00,,,,,,
KPC 23930A-00183,,,,,,030425,,Paid,Zutano Reversible Jacket Set,,6m-24m,set,2.32,294,13.97,60.00,,,,,"2,793.35",698.34,698.34,,215.00,,,,,,
KPC 23930A-00184,,,,,,032025,,Paid,Baby Dress,,1m-3T,pc,1.24,230,3.14,61.00,,,,,836.71,118.85,118.85,,110.00,,,,,,
KPC 23930A-00184,,,,,,032025,,Paid,Champion 2-PC Set,,2T-10T,set,2.74,400,10.91,61.00,,,,,"2,910.29",413.39,413.39,,245.00,,,,,,
KPC 23930A-00184,,,,,,031525,,Paid,Zutano 2-PC Set,,6m-4T,set,1.78,1904,51.95,61.00,,,,,"13,853.00","1,967.76","1,967.76",,155.00,,,,,,
KPC 23930A-00186,,,,,,032025,,Paid,Carter's Tops,,6m-2T,pc,0.55,1849,15.84,61.00,,,,,"4,070.75",550.10,550.10,,49.00,,,,,,
KPC 23930A-00186,,,,,,032025,,Paid,Premium Footed Pants,,0-12m,pc,0.53,3005,25.75,61.00,,,,,"6,615.79",894.03,894.03,,58.00,,,,,,
KPC 23930A-00186,,,,,,031325,,Paid,Premium Sleeveless Onesie,,0-36m,pc,0.68,3549,30.41,61.00,,,,,"7,813.46","1,055.87","1,055.87",,64.00,,,,,,
KPC 23930A-00187,,,,,,040125,,Paid,H&M Sleeveless Tops,,2T-10Y,pc,0.76,152,1.15,61.00,,,,,418.37,59.77,59.77,,65.00,,,,,,
KPC 23930A-00187,,,,,,040425,,Paid,H&M Organic Longsleeves Tops,,2m-4T,pc,0.76,52,0.39,61.00,,,,,143.13,20.45,20.45,,65.00,,,,,,
KPC 23930A-00187,,,,,,032125,,Paid,Old Navy Shorts,,5m-10Y,pc,0.76,33,0.25,61.00,,,,,90.83,12.98,12.98,,65.00,,,,,,
KPC 23930A-00187,,,,,,032125,,Paid,CK Shortsleeves Onesie,,0-24m,pc,0.83,278,2.10,61.00,,,,,765.18,109.31,109.31,,74.00,,,,,,
KPC 23930A-00187,,,,,,032125,,Paid,CK Longsleeves Onesie,,0-24m,pc,0.86,208,1.57,61.00,,,,,572.51,81.79,81.79,,78.00,,,,,,
KPC 23930A-00187,,,,,,031325,,Paid,Premium Shortsleeves Onesie,,1m-24m,pc,0.63,5635,42.54,61.00,,,,,"15,509.99","2,215.71","2,215.71",,61.00,,,,,,
KPC 23930A-00194,,,,,,031325,,Paid,Premium Longsleeves Onesie,,1m-18m,pc,0.73,663,7.56,61.00,,,,,"1,559.44","1,181.40","1,181.40",,70.00,,,,,,
KPC 23930A-00194,,,,,,031325,,Paid,Premium Onesie Dress,,0-24m,pc,1.80,740,8.44,61.00,,,,,"1,740.56","1,318.60","1,318.60",,145.00,,,,,,
KPC 23930A-00189,,,,,,031425,,Paid,Premium Mixed Brands Onesies,,0-18m,pc,0.79,2100,0.00,60.00,,,,,"4,000.00","1,500.00","1,500.00",,68.00,,,,,,
KPC 23930A-00190,,,,,,031725,,Paid,Regular Mixed Brands Onesies,,0-18m,pc,0.69,700,0.00,58.30,,,,,700.00,500.00,500.00,,47.00,,,,,,
KPC 23930A-00189,,,,,,032025,,Paid,Organic Shortsleeves Onesies,,0-12m,pc,1.13,960,0.00,60.00,,,,,"2,300.00","1,000.00","1,000.00",,86.00,,,,,,
KPC 23930A-00189,,,,,,032025,"September 29, 2025",Paid,Organic Longsleeves Onesies,,0-12m,pc,1.13,340,0.00,60.00,,,,,"1,000.00","1,000.00","1,000.00",,89.00,,,,,,
KPC 23930A-00191,,,,,,033125,,Paid,Nautica Romper,,0-18m,pc,1.72,588,6.82,60.00,,,,,"1,824.84",426.37,426.37,,144.00,,,,,,
KPC 23930A-00191,,,,,,032425,,Paid,Milkberry Onesie + Socks,,6-9m,set,0.96,31,0.18,60.00,,,,,48.10,11.24,11.24,,85.00,,,,,,
KPC 23930A-00191,,,,,,032425,,Paid,Milkberry Headband,,0-24m,pc,0.24,151,0.44,60.00,,,,,117.16,27.37,27.37,,20.00,,,,,,
KPC 23930A-00191,,,,,,040125,,Paid,Little Me Romper,,3-6m,pc,1.26,62,1.08,60.00,,,,,288.62,67.44,67.44,,115.00,,,,,,
KPC 23930A-00191,,,,,,,,Paid,Romper,,3-24m,pc,1.26,100,1.74,60.00,,,,,465.52,108.77,108.77,,105.00,,,,,,
KPC 23930A-00191,,,,,,041025,,Paid,Jumper Set,,3m-12m,set,1.65,56,0.97,60.00,,,,,260.69,60.91,60.91,,155.00,,,,,,
KPC 23930A-00191,,,,,,040525,,Paid,H&M Shorts,,2T-10T,pc,0.64,249,1.44,60.00,,,,,386.38,90.28,90.28,,55.00,,,,,,
KPC 23930A-00191,,,,,,040125,,Paid,Kit Pearl Onesie,,0-24m,pc,0.76,30,0.17,60.00,,,,,46.55,10.88,10.88,,67.00,,,,,,
KPC 23930A-00191,,,,,,041025,,Paid,Dress,,2T-5T,pc,1.92,30,0.35,60.00,,,,,93.10,21.75,21.75,,159.00,,,,,,
KPC 23930A-00191,,,,,,040125,,Paid,Disney Frogsuit,,0-24m,pc,1.30,147,1.71,60.00,,,,,456.21,106.59,106.59,,110.00,,,,,,
KPC 23930A-00191,,,,,,040725,,Paid,Romper,,0-24m,pc,1.33,1380,16.01,60.00,,,,,"4,282.79","1,000.65","1,000.65",,110.00,,,,,,
KPC 23930A-00191,,,,,,032425,,Paid,Milkberry 3-PC Dress,,0-9m,set,2.46,36,0.84,60.00,,,,,223.45,52.21,52.21,,225.00,,,,,,
KPC 23930A-00191,,,,,,041425,,Paid,Kids Romper,,3T-16T,pc,1.37,221,2.56,60.00,,,,,685.87,160.25,160.25,,110.00,,,,,,
KPC 23930A-00191,,,,,,041325,,Paid,Hooded Towel,,0--6m,pc,1.17,94,1.09,60.00,,,,,291.73,68.16,68.16,,95.00,,,,,,
KPC 23930A-00191,,,,,,041425,,Paid,Non-Footed Frogsuit,,0-9m,pc,1.30,87,1.01,60.00,,,,,270.00,63.08,63.08,,110.00,,,,,,
KPC 23930A-00191,,,,,,032425,,Paid,Tops,,0-3T,pc,0.82,119,1.38,60.00,,,,,369.31,86.29,86.29,,85.00,,,,,,
KPC 23930A-00191,,,,,,032525,,Paid,Dress With Hanger,,2T-6X,pc,2.06,60,1.04,60.00,,,,,279.31,65.26,65.26,,185.00,,,,,,
KPC 23930A-00191,,,,,,032425,,Paid,4-PC Set,,0-12m,pc,2.90,40,1.16,60.00,,,,,310.35,72.51,72.51,,239.00,,,,,,
KPC 23930A-00202,,,,,,040625,,Paid,Bear Paw Snugfit,,12m-4T,set,1.52,1300,25.55,60.00,,,,,"7,928.98","1,101.25","1,101.25",,139.00,,,,,,
KPC 23930A-00195,,,,,,041125,,Paid,Dymples Longsleeves Onesie,,0-24m,pc,0.76,2576,27.39,60.00,,,,,"7,953.34","1,104.63","1,104.63",,69.00,,,,,,
KPC 23930A-00195,,,,,,041125,,Paid,Dymples Sleeveless Onesie,,0-24m,pc,0.68,3443,24.41,60.00,,,,,"7,086.79",984.28,984.28,,64.00,,,,,,
KPC 23930A-00195,,,,,,041125,,Paid,Baby Berry Tops,,6m-24m,pc,0.70,444,6.30,60.00,,,,,"1,827.79",253.86,253.86,,69.00,,,,,,
KPC 23930A-00195,,,,,,041125,,Paid,Disney Longsleeves Tops,,0-24m,pc,0.76,275,3.90,60.00,,,,,"1,132.08",157.23,157.23,,65.00,,,,,,
KPC 23930A-00196,,,,,,041125,,Paid,Dymples Shortsleeve Onesie,,0-24M,pc,0.68,5401,35.74,60.00,,,,,"13,403.83","1,861.64","1,861.64",,64.00,,,,,,
KPC 23930A-00196,,,,,,041125,,Paid,Dymples Sleeveless Tops,,0-24M,pc,0.59,1343,8.89,60.00,,,,,"3,332.97",462.91,462.91,,64.00,,,,,,
KPC 23930A-00196,,,,,,041125,,Paid,Dymples Footed Pants,,0-12m,pc,0.56,244,1.61,60.00,,,,,605.54,84.10,84.10,,58.00,,,,,,
KPC 23930A-00196,,,,,,041125,,Paid,Baby Berry/Dymples Shorts,,3m-24m,pc,0.58,265,1.75,60.00,,,,,657.66,91.34,91.34,,65.00,,,,,,
KPC 23930A-00198,,,,,,041125,,Paid,Baby Berry Romper,,0-18m,pc,1.10,397,5.62,60.00,,,,,"1,744.95",242.35,242.35,,119.00,,,,,,
KPC 23930A-00198,,,,,,041125,,Paid,Baby Berry Longsleeves Onesie,,0-24m,pc,0.76,2316,24.60,60.00,,,,,"7,634.70","1,060.37","1,060.37",,58.00,,,,,,
KPC 23930A-00198,,,,,,041125,,Paid,Baby Berry Shortsleeves Onesie,,0-24m,pc,0.68,2195,15.54,60.00,,,,,"4,823.88",669.98,669.98,,58.00,,,,,,
KPC 23930A-00198,,,,,,041125,,Paid,Baby Berry Frogsuit,,0-18m`,pc,1.52,691,12.23,60.00,,,,,"3,796.47",527.29,527.29,,119.00,,,,,,
KPC 23930A-00197,,,,,,041225,,Paid,Btween Hair Accessory,,Onesie,pc,0.10,5000,0.00,60.00,,,,,"1,500.00","1,500.00","1,500.00",,9.00,,,,,,
KPC 23930A-00185,,,,,,041425,,Paid,Romper With Hanger,,0-24,set,1.13,394,0.00,60.00,,,,,"1,500.00",100.00,100.00,,89.00,,,,,,
KPC 23930A-00192,,,,,,042325,,Paid,Mixed Set,,0-24m,set,1.98,515,0.00,60.00,,,,,"3,825.00",714.00,714.00,,180.00,,,,,,
KPC 23930A-00188,,,,,,042325,,Paid,Bonnets,,0-24m,pc,0.20,1000,0.00,60.00,,,,,800.00,300.00,300.00,,18.00,,,,,,
KPC 23930A-00188,,,,,,042325,,Paid,Bibs,,Onesie,pc,0.20,1000,0.00,60.00,,,,,800.00,300.00,300.00,,19.00,,,,,,
KPC 23930A-00188,,,,,,042425,,Paid,Romper,,0-24m,pc,1.07,500,0.00,60.00,,,,,"1,625.00",300.00,300.00,,89.00,,,,,,
,,,,,,042525,,Paid,Bibs Batch 2,,0-24,pc,0.20,1000,0.00,60.00,,,,,750.00,500.00,500.00,,19.00,,,,,,
,,,,,,042525,,Paid,Romper Batch 3,,0-24m,pc,1.07,500,0.00,60.00,,,,,750.00,500.00,500.00,,89.00,,,,,,
KPC 23930A-00200,,,,,,050225,,Paid,Rabbit Bear Dress 2-PC Set,,12-24m,set,3.85,72,0.00,58.00,,,,,500.00,250.00,250.00,,252.00,,,,,,
KPC 23930A-00200,,,,,,050225,,Paid,Rabbit Bear 3-PC Girl Set,,12-24m,set,3.85,48,0.00,58.00,,,,,500.00,200.00,200.00,,252.00,,,,,,
KPC 23930A-00200,,,,,,050225,,Paid,Rabbit Bear 3-PC Boy Set,,12-24m,set,3.85,36,0.00,58.00,,,,,300.00,200.00,200.00,,252.00,,,,,,
KPC 23930A-00199,,,,,,051425,,Paid,Sleeveless Onesie,,0-24m,pc,0.64,665,0.00,58.00,,,,,"1,500.00","1,000.00","1,000.00",,59.00,,,,,,
,,,,,,051725,,,Rabbit+Bear,,,,,,,,,,,,,,,,,,,,,,
,,,,,,052325,,Paid,Baby Berry 2 PC set,,0-24m,set,1.80,648,12.74,60.00,,,,,"3,952.29",548.93,548.93,,155.00,,,,,,
KPC 23930A-00202,,,,,,053125,,Paid,Milkberry Pants,,12m-5T,pc,0.62,142,1.67,60.00,,,,,519.65,72.17,72.17,,59.00,,,,,,
KPC 23930A-00202,,,,,,053125,,Paid,Milkberry Shorts,,12m-5T,pc,0.55,290,2.28,60.00,,,,,707.51,98.27,98.27,,49.00,,,,,,
KPC 23930A-00202,,,,,,052325,,Paid,Banboo Cotton Tops,,12m-5T,pc,0.69,420,3.30,60.00,,,,,"1,024.67",142.31,142.31,,57.00,,,,,,
KPC 23930A-00202,,,,,,052325,,Paid,Milkberry 2-PC Top And Short Set,,12m-5T,pc,1.94,634,12.46,60.00,,,,,"3,866.90",537.07,537.07,,168.00,,,,,,
KPC 23930A-00203,,,,,,052325,,Paid,Milkberry 2-PC Set,,12m-5T,set,1.94,395,9.39,60.00,,,,,"2,971.13",479.21,479.21,,165.00,,,,,,
KPC 23930A-00203,,,,,,053125,,Paid,Cotton On Baby Sweatshirt,,0-24m,pc,1.09,218,1.73,60.00,,,,,546.59,88.16,88.16,,99.00,,,,,,
KPC 23930A-00203,,,,,,053125,,Paid,Cotton On Baby Tops,,0-3T,pc,0.83,13,0.10,60.00,,,,,32.59,5.26,5.26,,75.00,,,,,,
KPC 23930A-00203,,,,,,053125,,Paid,Cotton On Pants,,0-18m,pc,0.76,35,0.28,60.00,,,,,87.75,14.15,14.15,,75.00,,,,,,
KPC 23930A-00203,,,,,,053125,,Paid,Cotton On Jogger,,0-24m,pc,0.83,96,0.76,60.00,,,,,240.70,38.82,38.82,,75.00,,,,,,
KPC 23930A-00203,,,,,,053125,,Paid,Cotton On Shorts,,0-24m,pc,0.76,447,3.54,60.00,,,,,"1,120.75",180.77,180.77,,69.00,,,,,,
KPC 23930A-00203,,,,,,060725,,Paid,Mixed Tops,,0-3T,pc,0.97,93,0.74,60.00,,,,,233.18,37.61,37.61,,78.00,,,,,,
KPC 23930A-00203,,,,,,053125,,Paid,Cotton On & Milky Romper,,0-9m,pc,1.40,30,0.36,60.00,,,,,112.83,18.20,18.20,,125.00,,,,,,
,,,,,,060725,,Paid,Billieblush Poncho Towel,,1T-2T,pc,0.69,11,0.13,60.00,,,,,41.37,6.67,6.67,,85.00,,,,,,
KPC 23930A-00203,,,,,,060725,,Paid,Billieblush Romper,,12m-4T,pc,1.24,14,0.17,60.00,,,,,52.65,8.49,8.49,,105.00,,,,,,
KPC 23930A-00203,,,,,,060225,,Paid,Dymples Onesie Dress,,0-24m,pc,1.86,514,4.07,60.00,,,,,"1,288.74",207.86,207.86,,147.00,,,,,,
KPC 23930A-00203,,,,,,071025,,Paid,Yamp Zippered Romper,,0-9m,pc,1.50,37,0.44,60.00,,,,,139.15,22.44,22.44,,99.00,,,,,,
KPC 23930A-00203,,,,,,061225,,Paid,Onesie 3-PC Set,,0-9m,set,2.19,376,11.92,60.00,,,,,"3,770.95",608.22,608.22,,180.00,,,,,,
KPC 23930A-00203,,,,,,060225,,Paid,Ruffled Onesie,,0-9m,pc,0.69,99,0.78,60.00,,,,,248.22,40.04,40.04,,59.00,,,,,,
KPC 23930A-00203,,,,,,053125,,Paid,Ruffled Frogsuit,,0-9m,pc,1.64,120,1.90,60.00,,,,,601.75,97.06,97.06,,139.00,,,,,,
KPC 23930A-00203,,,,,,053125,,Paid,Ruffled Zippered Frogsuit,,0-9m,pc,1.64,115,1.82,60.00,,,,,576.67,93.01,93.01,,139.00,,,,,,
KPC 23930A-00203,,,,,,060725,,Paid,Milkberry 2PC Girl Set,,0-9m,set,1.85,147,2.91,60.00,,,,,921.43,148.62,148.62,,160.00,,,,,,
KPC 23930A-00203,,,,,,060725,,Paid,Guess Frogsuit,,0-9m,pc,1.86,123,2.44,60.00,,,,,770.99,124.35,124.35,,180.00,,,,,,
KPC 23930A-00203,,,,,,053125,,Paid,Nine West 3PC Onesie,,0-9m,pc,2.33,155,4.91,60.00,,,,,"1,554.51",250.73,250.73,,215.00,,,,,,
KPC 23930A-00203,,,,,,060725,,Paid,H&M 2PC Set,,2T-8T,set,2.90,25,0.59,60.00,,,,,188.05,30.33,30.33,,255.00,,,,,,
KPC 23930A-00201,,,,,,032125,,Paid,R+B Frogsuit And Romper Set,,0-9m,pc,2.62,600,12.00,58.00,,,,,"3,000.00","1,500.00","1,500.00",,239.00,,,,,,
KPC 23930A-00201,,,,,,031425,,Paid,Baby Carrier,,0-24,pc,2.76,200,12.00,58.00,,,,,"3,800.00","1,500.00","1,500.00",,250.00,,,,,,
KPC 23930A-00201,,,,,,060525,,Paid,Little Beggining Romper,,0-18m,pc,1.39,728,12.00,58.00,,,,,"3,800.00",200.00,200.00,,89.00,,,,,,
KPC 23930A-00201,,,,,,060525,,Paid,4-PC set,,12m,set,3.87,8,2.00,58.00,,,,,500.00,50.00,50.00,,345.00,,,,,,
KPC 23930A-00201,,,,,,060525,,Paid,Disney 3-PC set,,0-12m,set,2.49,59,4.00,58.00,,,,,500.00,100.00,100.00,,175.00,,,,,,
KPC 23930A-00201,,,,,,060525,,Paid,Kotton Kandy 3PC- 4PC set,,0-9m,set,2.35,580,12.00,58.00,,,,,"5,900.00","1,000.00","1,000.00",,175.00,,,,,,
KPC 23930A-00204,,,,,,060725,,Paid,Zippered Frogsuit,,0-9m,pc,1.58,1530,29.66,60.00,,,,,"7,868.50","1,513.17","1,513.17",,129.00,,,,,,
KPC 23930A-00204,,,,,,060725,,Paid,Ruffled Sleeveless Onesie,,0-9m,pc,0.73,1437,11.14,60.00,,,,,"2,956.09",568.48,568.48,,64.00,,,,,,
KPC 23930A-00204,,,,,,060725,,Paid,H&M Organic Rompers,,2m-4T,pc,1.66,57,0.66,60.00,,,,,175.88,33.82,33.82,,145.00,,,,,,
KPC 23930A-00204,,,,,,060725,,Paid,H&M Organic Jumper,,2m-4T,pc,1.10,44,0.34,60.00,,,,,90.51,17.41,17.41,,105.00,,,,,,
,,,,,,060725,,Paid,H&M Organic Polo Shirts,,0-4T,pc,1.10,137,1.59,60.00,,,,,422.74,81.30,81.30,,115.00,,,,,,
KPC 23930A-00204,,,,,,060725,,Paid,H&M Organic Polo Set,,1m-4T,set,2.62,157,3.04,60.00,,,,,807.42,155.27,155.27,,225.00,,,,,,
KPC 23930A-00204,,,,,,060725,,Paid,H&M Organic Set,,1m-4T,set,2.62,132,2.56,60.00,,,,,678.85,130.55,130.55,,215.00,,,,,,
KPC 23930A-00204,,,,,,060725,,Paid,H&M Long Overalls,,1m-2T,pc,1.10,109,0.00,60.00,,,,,400.00,150.00,150.00,,125.00,,,,,,
KPC 23930A-00205,,,,,,060725,,Paid,Nicole Miller Onesie,,0-9m,pc,0.59,2500,0.00,60.00,,,,,"4,000.00","1,500.00","1,500.00",,58.00,,,,,,
KPC 23930A-00206,,,,,,060725,,Paid,H&M 2-PC Set,,1m-4T,set,2.62,171,4.37,60.00,,,,,"1,115.22",182.23,182.23,,229.00,,,,,,
KPC 23930A-00206,,,,,,070225,,Paid,Milkbery 3-PC Set,,0-9m,set,2.48,299,7.65,60.00,,,,,"1,950.00",318.63,318.63,,210.00,,,,,,
,,,,,,060725,,Paid,H&M Pants,,1m-4T,pc,0.82,373,3.18,60.00,,,,,810.87,132.50,132.50,,85.00,,,,,,
KPC 23930A-00206,,,,,,060725,,Paid,H&M Hoodie Blouse,,6m-4T,pc,0.69,39,0.33,60.00,,,,,84.78,13.85,13.85,,85.00,,,,,,
KPC 23930A-00206,,,,,,070925,,Paid,Chickpea Onesie,,0-9m,pc,0.60,5216,44.47,60.00,,,,,"11,339.13","1,852.80","1,852.80",,45.00,,,,,,
KPC 23930A-00210,,,,,,070525,,Paid,Rabbit Bear Tops,,0-3T,pc,0.90,2134,17.95,60.00,,,,,"4,960.59","1,181.09","1,181.09",,79.00,,,,,,
KPC 23930A-00210,,,,,,070625,,Paid,Emily Oliver Rompers,,0-24m,pc,1.53,92,1.16,60.00,,,,,320.79,76.38,76.38,,145.00,,,,,,
KPC 23930A-00210,,,,,,070525,,Paid,Organic Romper,,0-12m,pc,1.53,38,0.32,60.00,,,,,88.33,21.03,21.03,,145.00,,,,,,
KPC 23930A-00210,,,,,,070525,,Paid,Rabbit Bear Romper,,0-9m,pc,1.53,113,0.95,60.00,,,,,262.67,62.54,62.54,,139.00,,,,,,
KPC 23930A-00210,,,,,,070525,,Paid,Organic Dress,,0-4T,pc,1.32,1010,8.50,60.00,,,,,"2,347.80",559.00,559.00,,119.00,,,,,,
KPC 23930A-00210,,,,,,070525,,Paid,Rabbit Bear 2-PC Set,,0-24m,set,2.08,70,1.18,60.00,,,,,325.44,77.49,77.49,,179.00,,,,,,
KPC 23930A-00210,,,,,,070525,,Paid,Rabbit Bear Jumper 2-PC Set,,0-24m,set,2.15,119,2.00,60.00,,,,,553.24,131.72,131.72,,182.00,,,,,,
KPC 23930A-00210,,,,,,070525,,Paid,Rabbit Beart Girls 2-PC Set,,0-3T,set,2.15,302,5.08,60.00,,,,,"1,404.03",334.29,334.29,,188.00,,,,,,
KPC 23930A-00210,,,,,,070525,,Paid,Rabbit Bear Boys 2-PC Set,,0-4T,set,2.15,51,0.86,60.00,,,,,237.10,56.45,56.45,,179.00,,,,,,
KPC 23930A-00209,,,,,,080425,,Paid,Mixed Tops,,0-3T,pc,0.67,329,2.44,60.00,,,,,"1,015.20",126.90,126.90,,65.00,,,,,,
KPC 23930A-00209,,,,,,070825,,Paid,H&M Shorts,,0-4T,pc,0.62,361,2.67,60.00,,,,,"1,113.94",139.24,139.24,,85.00,,,,,,
KPC 23930A-00209,,,,,,070525,,Paid,H&M Baby Jogger,,0-9m,pc,0.56,1148,8.50,60.00,,,,,"3,542.39",442.80,442.80,,74.00,,,,,,
KPC 23930A-00209,,,,,,070525,,Paid,H&M Jogger,,0-9m,pc,0.56,1724,12.77,60.00,,,,,"5,319.76",664.97,664.97,,74.00,,,,,,
KPC 23930A-00209,,,,,,070825,,Paid,H&M Organic Pants,,0-4T,pc,0.84,122,0.90,60.00,,,,,376.46,47.06,47.06,,85.00,,,,,,
KPC 23930A-00209,,,,,,070825,,Paid,H&M Organic Polo,,1m-2T,pc,0.90,63,0.47,60.00,,,,,194.40,24.30,24.30,,110.00,,,,,,
KPC 23930A-00209,,,,,,070825,,Paid,Rabbit Bear Long Sleeves Tops,,0-6T,pc,1.11,358,2.65,60.00,,,,,"1,104.68",138.09,138.09,,95.00,,,,,,
KPC 23930A-00209,,,,,,,,Paid,Rabbit Bear Organic Tops,,2T-4T,pc,0.98,114,0.84,60.00,,,,,351.77,43.97,43.97,,79.00,,,,,,
KPC 23930A-00209,,,,,,070825,,Paid,Rabbit Bear Pants,,0-9m,pc,0.76,112,0.83,60.00,,,,,345.60,43.20,43.20,,74.00,,,,,,
KPC 23930A-00209,,,,,,070525,,Paid,Rabbit Bear Undies,,0-24m,pc,0.42,445,1.65,60.00,,,,,686.57,85.82,85.82,,45.00,,,,,,
KPC 23930A-00209,,,,,,070825,,Paid,Rabbit Bear Shorts,,0-4T,pc,0.76,865,6.41,60.00,,,,,"2,669.14",333.64,333.64,,69.00,,,,,,
KPC 23930A-00209,,,,,,070825,,Paid,Rabbit Bear Long Sleeves Dress,,0-12m,pc,1.39,84,0.93,60.00,,,,,388.80,48.60,48.60,,135.00,,,,,,
KPC 23930A-00209,,,,,,070525,,Paid,Rabbit Bear Quilted Long Sleeves Dress,,0-18m,pc,1.46,224,2.49,60.00,,,,,"1,036.80",129.60,129.60,,135.00,,,,,,
KPC 23930A-00209,,,,,,070825,,Paid,Rabbit Bear Polo,,3m-4T,pc,1.04,135,1.00,60.00,,,,,416.57,52.07,52.07,,110.00,,,,,,
KPC 23930A-00209,,,,,,070825,,Paid,H&M Organic Shorts,,1m-4T,pc,0.76,159,1.18,60.00,,,,,490.63,61.33,61.33,,79.00,,,,,,
KPC 23930A-00209,,,,,,070825,,Paid,Rabbit Bear Jogger & Pants,,12m-4T,pc,0.98,244,1.81,60.00,,,,,752.91,94.11,94.11,,85.00,,,,,,
,,,,,,,,Paid,R+B Pants,,3m-3T,pc,0.98,63,0.47,60.00,,,,,194.40,24.30,24.30,,85.00,,,,,,
KPC 23930A-00207,,,,,,071225,,Paid,Baby Yamp! Onesie,,0-24m,pc,0.62,4328,33.17,60.00,,,,,"5,805.31","1,382.22","1,382.22",,54.00,,,,,,
KPC 23930A-00208,,,,,,071525,,Paid,Chickpea Onesie Batch 2,,0-9m,pc,0.60,3500,26.83,60.00,,,,,"4,694.69","1,117.78","1,117.78",,39.00,,,,,,
KPC 23930A-00207,,,,,,072425,,,Mixed Brands Onesie,,0-24m,pc,0.56,3500,30.00,60.00,,,,,"7,140.00","1,500.00","1,500.00",,39.00,,,,,,
KPC 23930A-00211,,,,,,080725,,,Mixed Brands Onesie,,0-24,pc,0.56,15240,110.00,60.00,,,,,"28,160.00","2,500.00","2,500.00",,37.00,,,,,,
KPC 23930A-00212,,,,,,081625,,,Btween 2-PC Dress,,4T-8T,set,3.62,22,0.65,60.00,,,,,224.78,31.22,31.22,,325.00,,,,,,
KPC 23930A-00212,,,,,,081625,,,Rare Edition 2-PC Set,,3-24m,set,1.86,107,2.37,60.00,,,,,819.92,113.88,113.88,,169.00,,,,,,
KPC 23930A-00212,,,,,,081625,,,H&M 2-PC Set,,4m-4T,set,2.36,46,1.02,60.00,,,,,352.49,48.96,48.96,,235.00,,,,,,
KPC 23930A-00212,,,,,,081625,,,H&M Lace Top & Skirt 2-PC Set,,3T-12T,set,2.78,8,0.18,60.00,,,,,61.30,8.51,8.51,,255.00,,,,,,
KPC 23930A-00212,,,,,,081825,,,H&M Polo And Pants  2-PC Set,,4m-4T,set,2.36,23,0.51,60.00,,,,,176.25,24.48,24.48,,225.00,,,,,,
KPC 23930A-00212,,,,,,090525,,,Disney Non-Footed Frogsuit,,0-24m,pc,1.32,211,3.11,60.00,,,,,"1,077.91",149.71,149.71,,95.00,,,,,,
KPC 23930A-00212,,,,,,081625,,,Tex Pastel Romper,,3m-9m,pc,1.39,48,0.53,60.00,,,,,183.91,25.54,25.54,,119.00,,,,,,
KPC 23930A-00212,,,,,,081825,,,Premium Jumpers,,0-24m,pc,1.04,795,11.73,60.00,,,,,"4,061.30",564.07,564.07,,105.00,,,,,,
KPC 23930A-00212,,,,,,090525,,,Baby Jackets,,0-3T,pc,1.18,613,6.79,60.00,,,,,"2,348.66",326.20,326.20,,125.00,,,,,,
KPC 23930A-00212,,,,,,090525,,,Zippered Bamboo Frogsuit,,0-24m,pc,1.52,272,4.01,60.00,,,,,"1,389.53",192.99,192.99,,129.00,,,,,,
KPC 23930A-00212,,,,,,081625,,,Rabbit Bear Frogsuit With Headband,,0-9m,set,2.52,64,1.42,60.00,,,,,490.42,68.11,68.11,,225.00,,,,,,
KPC 23930A-00212,,,,,,081825,,,Rabbit Bear 2-PC Set,,0-3T,set,2.09,161,3.56,60.00,,,,,"1,233.72",171.35,171.35,,190.00,,,,,,
KPC 23930A-00212,,,,,,081825,,,Boys 2-PC Set,,0-4T,set,2.66,45,1.00,60.00,,,,,344.83,47.89,47.89,,225.00,,,,,,
KPC 23930A-00212,,,,,,081825,,,Mini Threads 2-PC Set,,3m-24m,set,1.82,70,1.55,60.00,,,,,536.40,74.50,74.50,,165.00,,,,,,
KPC 23930A-00212,,,,,,081825,,,Mixed 3-PC Set,,0-24m,set,2.38,279,7.21,60.00,,,,,"2,494.25",346.42,346.42,,215.00,,,,,,
KPC 23930A-00212,,,,,,081825,,,3-PC Set,,0-24,set,2.38,114,2.94,60.00,,,,,"1,019.16",141.55,141.55,,205.00,,,,,,
KPC 23930A-00212,,,,,,090525,,,HB Sleeveless Onesie,,0-18m,pc,0.68,249,1.84,60.00,,,,,636.02,88.34,88.34,,60.00,,,,,,
KPC 23930A-00212,,,,,,090525,,,HB Shortsleeves Onesie,,0-24m,pc,0.68,215,1.59,60.00,,,,,549.17,76.27,76.27,,60.00,,,,,,
KPC 23930A-00213,,,,,,081625,,,Rabbit Bear Shortsleeves Onesie,,0-12m,pc,0.76,771,6.72,60.00,,,,,"3,807.41","1,399.78","1,399.78",,78.00,,,,,,
KPC 23930A-00213,,,,,,090525,,,Grayson Collective Organic Onesie,,0-24m,pc,0.42,41,0.36,60.00,,,,,202.47,74.44,74.44,,60.00,,,,,,
KPC 23930A-00213,,,,,,082025,,,Disney Jumper,,0-24m,pc,1.32,174,2.27,60.00,,,,,"1,288.89",473.86,473.86,,125.00,,,,,,
KPC 23930A-00213,,,,,,090525,,,Disney 2-PC Set,,12m-18m,set,1.89,76,1.32,60.00,,,,,750.62,275.96,275.96,,185.00,,,,,,
KPC 23930A-00213,,,,,,081625,,,Disney Corduroy 2-PC Set,,0-9m,set,2.09,76,1.32,60.00,,,,,750.62,275.96,275.96,,205.00,,,,,,
,,,,,,090525,,,Baby Pants,,12m-4T,pc,0.90,126,0.92,60.00,,,,,242.63,60.66,60.66,,79.00,,,,,,
,,,,,,090525,,,H&M Sweater,,4m-4T,pc,1.25,43,0.31,60.00,,,,,82.80,20.70,20.70,,115.00,,,,,,
,,,,,,090525,,,Baby Sweater,,0-24m,pc,0.76,326,2.39,60.00,,,,,627.77,156.94,156.94,,75.00,,,,,,
,,,,,,081825,,,Organic Cotton Willow + Whimsy 3-PC Set,,0-12m,set,1.76,972,21.34,60.00,,,,,"5,615.25","1,403.81","1,403.81",,159.00,,,,,,
,,,,,,090525,,,Baby Bibs 5-PC Set,,0-9m,pc,1.50,148,2.71,60.00,,,,,712.50,178.12,178.12,,135.00,,,,,,
,,,,,,090525,,,Bibs,,0-24m,pc,0.25,1080,3.95,60.00,,,,,"1,039.86",259.97,259.97,,22.00,,,,,,
,,,,,,090625,,,Baby Berry Frogsuit,,0-24m,pc,1.46,109,1.60,60.00,,,,,419.80,104.95,104.95,,125.00,,,,,,
,,,,,,090525,,,Dymples & Baby Berry Non Footed Frogsuit,,0-24m,pc,1.82,226,3.31,60.00,,,,,870.40,217.60,217.60,,129.00,,,,,,
,,,,,,090625,,,Milkberry Frogsuit,,0-9m,pc,1.46,101,1.48,60.00,,,,,388.99,97.25,97.25,,135.00,,,,,,
,,,,,,090525,,,Kids Tops & Short,,12m-16T,set,4.20,152,12.00,60.00,,,,,"1,500.00","1,000.00","1,000.00",,355.00,,,,,,