Product Code,Lower Limit,Upper Limit,Prices,Price Adjustment
2-PC Set (2S-102524),1,23,₱160.00,
2-PC Set (2S-102524),24,10000,₱155.00,
,,,,
Baby Dress (BD-111224),1,10000,₱180.00,
,,,,
Frogsuit 2P-PC Set (F2S-120424),1,10000,₱150.00,
,,,,
H&M Tops (HT-080524),6,11,₱75.00,
H&M Tops (HT-080524),12,10000,₱70.00,
,,,,
H&M Zippered Tracksuit (HZT-111324),1,23,₱255.00,
H&M Zippered Tracksuit (HZT-111324),24,10000,₱250.00,
,,,,
H&MxDisney Demin Jeans (HDJ-112224),1,10000,₱135.00,
,,,,
Jacket/Sweatshirt (J-110823),1,10000,₱80.00,
,,,,
Organic Onesie (OO-110224),1,99,₱74.00,
Organic Onesie (OO-110224),100,10000,₱69.00,
,,,,
Organic Tops (OT-090324),1,29,₱83.00,
Organic Tops (OT-090324),30,10000,₱78.00,
,,,,
Premium Rompers / Jumpers (PRJ-080524),1,19,₱115.00,
Premium Rompers / Jumpers (PRJ-080524),20,10000,₱110.00,
,,,,
R+B Snugfit 2-PC Set (RS2S-110424),1,59,₱200.00,
R+B Snugfit 2-PC Set (RS2S-110424),60,89,₱195.00,
R+B Snugfit 2-PC Set (RS2S-110424),90,10000,₱190.00,
,,,,
Rabbit + Bear Frogsuit Set (RBFS-110424),6,11,₱225.00,
Rabbit + Bear Frogsuit Set (RBFS-110424),12,10000,₱220.00,
,,,,
Rabbit Bear Head Bands (RBHB-061224),10,99,₱33.00,
Rabbit Bear Head Bands (RBHB-061224),100,10000,₱30.00,
,,,,
Milkberry / Beau Et. Belle (MBEB-010425),1,49,₱140.00,
Milkberry / Beau Et. Belle (MBEB-010425),50,10000,₱135.00,
,,,,
R+B Leggings (RL-092724),50,99,₱88.00,
R+B Leggings (RL-092724),100,10000,₱83.00,
,,,,
PL Baby Jumper Set (PBJS-112224),10,10000,₱205.00,
,,,,
Disney Pants (DP-110424),20,59,₱70.00,
Disney Pants (DP-110424),60,10000,₱65.00,
,,,,
Rabbit + Bear 3-PC Mixed Set (RB3MS-110424),6,11,₱250.00,
Rabbit + Bear 3-PC Mixed Set (RB3MS-110424),12,10000,₱245.00,
,,,,
Rabbit Bear Hats (RBH-061224),20,99,₱36.00,
Rabbit Bear Hats (RBH-061224),100,10000,₱33.00,
,,,,
R+B Corduroy Dress Set (RCDS-110424),6,11,₱255.00,
R+B Corduroy Dress Set (RCDS-110424),12,10000,₱250.00,
,,,,
Rabbit + Bear 2PC Set (RB2S-110424),6,11,₱235.00,
Rabbit + Bear 2PC Set (RB2S-110424),12,10000,₱230.00,
,,,,
RZ Sweatshirts (RS-110424),6,11,₱109.00,
RZ Sweatshirts (RS-110424),12,10000,₱104.00,
,,,,
R+B Jumper (RJ-070524),1,29,₱140.00,
R+B Jumper (RJ-070524),30,10000,₱135.00,
,,,,
R+B Longsleeves Dress (RLD-110624),6,11,₱115.00,
R+B Longsleeves Dress (RLD-110624),12,10000,₱110.00,
,,,,
Organic Jacket (OJ-092624),1,59,₱130.00,
Organic Jacket (OJ-092624),60,10000,₱125.00,
,,,,
Baby Berry Onesie (BBO-110424),1,59,₱63.00,
Baby Berry Onesie (BBO-110424),60,10000,₱58.00,
,,,,
R+B Short/Skirt/Undies (RS-091524),1,29,₱55.00,
R+B Short/Skirt/Undies (RS-091524),30,10000,₱50.00,
,,,,
Baby Pants (BP-011724),1,49,₱43.00,
Baby Pants (BP-011724),50,10000,₱38.00,
,,,,
Rabbit + Bear Sweatshirts (RBS-110424),1,39,₱140.00,
Rabbit + Bear Sweatshirts (RBS-110424),40,10000,₱135.00,
,,,,
RZ 2-PC Set (R2S-110424),6,11,₱175.00,
RZ 2-PC Set (R2S-110424),12,10000,₱170.00,
,,,,
R+B Pajama (RP-111124),30,59,₱70.00,
R+B Pajama (RP-111124),60,10000,₱65.00,
,,,,
Milkberry / Beau Et. Belle Set (MBEBS-010425),1,10000,₱170.00,
,,,,
 Baby Dress (BD-111224),1,10000,₱180.00,
,,,,
Milkberry / Beau Et. Belle Frogsuit Set (MBEBFS-010425),1,10000,₱270.00,
,,,,
Mixed Onesies (MO-112024),1,149,₱53.00,
Mixed Onesies (MO-112024),150,349,₱48.00,
Mixed Onesies (MO-112024),350,699,₱45.00,
Mixed Onesies (MO-112024),700,10000,₱42.00,
,,,,
R+B 3-PC Onesie Set (R3OS-111324),10,19,₱230.00,
R+B 3-PC Onesie Set (R3OS-111324),20,10000,₱225.00,
,,,,
Little Loved Zippered Frogsuit (LLZF-110224),1,99,₱140.00,
Little Loved Zippered Frogsuit (LLZF-110224),100,10000,₱135.00,
,,,,
Organic Longsleeves Onesies (OLO-011925),1,99,₱92.00,
Organic Longsleeves Onesies (OLO-011925),100,10000,₱89.00,
,,,,
Organic Shortsleeves Onesies (OSO-011925),1,99,₱89.00,
Organic Shortsleeves Onesies (OSO-011925),100,10000,₱86.00,
,,,,
R+B Longsleeves Tops (RLT-111224),30,59,₱85.00,
R+B Longsleeves Tops (RLT-111224),60,10000,₱80.00,
,,,,
Bibs (B-012025),1,10000,₱20.00,
,,,,
Premium Tops (PT-012125),1,10000,₱75.00,
,,,,
,,,,
Frogsuits With Hanger (FWH-012025),1,10000,₱119.00,
,,,,
R+B Skirt (RS-110924),1,19,₱100.00,
R+B Skirt (RS-110924),20,10000,₱95.00,
,,,,
R+B Hoodie 3-PC Set (RH3S-110224),1,23,₱265.00,
R+B Hoodie 3-PC Set (RH3S-110224),24,10000,₱260.00,
,,,,
R+B Hoodie Jacket (RHJ-072924),10,19,₱145.00,
R+B Hoodie Jacket (RHJ-072924),20,10000,₱140.00,
,,,,
Disney Jogger Pants (DJP-012425),1,99,₱70.00,
Disney Jogger Pants (DJP-012425),100,699,₱65.00,
Disney Jogger Pants (DJP-012425),700,10000,₱60.00,
,,,,
Tahari Dress (TD-012425),1,10000,₱215.00,
,,,,
Organic Jessica Simpson Summer Dress (OJSSD-012425),1,10000,₱235.00,
,,,,
Sleeveless Onesie (SO-012525),30,59,₱65.00,
Sleeveless Onesie (SO-012525),60,10000,₱60.00,
,,,,
Carters Pajama (CP-012525),1,10000,₱55.00,
,,,,
Tex Hooded Baby Towelette (THBT-012525),1,10000,₱110.00,
,,,,
H&M Organic Pants (HOP-012825),1,39,₱85.00,
H&M Organic Pants (HOP-012825),40,10000,₱80.00,
,,,,
H&M Ribbed Leggings (HRL-012825),10,19,₱80.00,
H&M Ribbed Leggings (HRL-012825),20,10000,₱75.00,
,,,,
Guess Frogsuit (GF-012825),6,11,₱195.00,
Guess Frogsuit (GF-012825),12,10000,₱190.00,
,,,,
H&M Rompers (HR-012825),6,11,₱155.00,
H&M Rompers (HR-012825),12,10000,₱150.00,
,,,,
H&M Organic Shorts (HOS-012825),6,11,₱80.00,
H&M Organic Shorts (HOS-012825),12,10000,₱75.00,
,,,,
H&M Organic Jogger (HOJ-012825),1,23,₱85.00,
H&M Organic Jogger (HOJ-012825),24,10000,₱80.00,
,,,,
H&M Baby Tops (HBT-012825),6,11,₱130.00,
H&M Baby Tops (HBT-012825),12,10000,₱125.00,
,,,,
Milkberry Frogsuit (MF-012825),1,10000,₱145.00,
,,,,
H&M Organic Longsleeves Onesie (HOLO-120424),1,49,₱62.00,
H&M Organic Longsleeves Onesie (HOLO-120424),50,10000,₱57.00,
,,,,
Organic Long Sleeves Onesies (OLSO-011925),60,99,₱92.00,
Organic Long Sleeves Onesies (OLSO-011925),100,10000,₱89.00,
,,,,
Premium Footed Pants (PFP-012825),1,99,₱63.00,
Premium Footed Pants (PFP-012825),100,10000,₱58.00,
,,,,
Pajama Set (PS-012125),1,10000,₱160.00,
,,,,
Quilted Frogsuits (QF-092624),1,29,₱130.00,
Quilted Frogsuits (QF-092624),30,10000,₱125.00,
,,,,
H&M Sando (HS-112224),1,10000,₱80.00,
,,,,
Green Dress Set (GDS-080524),5,10000,₱174.00,
,,,,
3-PC Onesie Set (3OS-110424),1,39,₱190.00,
3-PC Onesie Set (3OS-110424),40,10000,₱185.00,
,,,,
Carter's 3-PC Set (C3S-013025),1,10000,₱135.00,
,,,,
Baby Pants (BP-020225),1,10000,₱45.00,
,,,,
Baby Short (BS-020225),1,10000,₱39.00,
,,,,
2-PC Frogsuit (2F-012825),6,10000,₱240.00,
,,,,
Frogsuits With Accessories (FWA-012825),1,10000,₱185.00,
,,,,
Organic Shorts (OS-020425),50,99,₱75.00,
Organic Shorts (OS-020425),100,10000,₱70.00,
,,,,
Organic Pants (OP-020425),1,10000,₱85.00,
,,,,
Organic Baby Polo (OBP-020525),1,59,₱164.00,
Organic Baby Polo (OBP-020525),60,10000,₱159.00,
,,,,
Rabbit + Bear Pants (RBP-092624),1,10000,₱30.00,
,,,,
Rabbit + Bear Sweatshirts (RBS-092624),1,10000,₱60.00,
,,,,
R+B Hoodie Jacket (RHJ-072924),1,10000,₱99.00,
,,,,
RZ Sweatshirts (RS-110424),1,10000,₱55.00,
,,,,
Booties (B-092624),1,10000,₱8.00,
,,,,
Bundle (B-020625),1,10000,"₱1,110.00",
,,,,
Organic Tops (OT-020725),20,10000,₱115.00,
,,,,
H&M Skirt (HS-012825),6,11,₱90.00,
H&M Skirt (HS-012825),12,10000,₱85.00,
,,,,
Champion Shirts (CS-020725),1,10000,₱127.00,
,,,,
Bonnets (B-021025),1,10000,₱18.00,
,,,,
Frogsuits (F-021025),1,10000,₱105.00,
,,,,
Baby Pants (BP-021025),1,10000,₱39.00,
,,,,
Mixed Tops (MT-021425),1,10000,₱55.00,
,,,,
Hallmark Frogsuit (HF-022225),1,10000,₱240.00,
,,,,
Corduroy Shorts (CS-022225),1,10000,₱85.00,
,,,,
Frogsuits (F-022425),1,10000,₱105.00,
,,,,
3-PC Set (3S-012825),1,10000,₱185.00,
,,,,
Organic Dress (OD-022825),1,10000,₱165.00,
,,,,
Organic Sleeveless Tops (OST-030125),20,10000,₱128.00,
,,,,
Zutano Reversible Jacket Set (ZRJS-030425),1,10000,₱215.00,
,,,,
Zutano Frogsuit (ZF-030425),1,10000,₱99.00,
,,,,
Zutano Reversible Jacket (ZRJ-030425),1,10000,₱125.00,
,,,,
Zutano Longsleeves Tops (ZLT-031225),1,10000,₱65.00,
,,,,
Zutano Pants (ZP-031225),1,10000,₱65.00,
,,,,
Premium Shortsleeves Onesie (PSO-031325),50,99,₱66.00,
Premium Shortsleeves Onesie (PSO-031325),100,10000,₱61.00,
,,,,
Premium Sleeveless Onesie (PSO-031325),1,99,₱69.00,
Premium Sleeveless Onesie (PSO-031325),100,10000,₱64.00,
,,,,
Premium Longsleeves Onesie (PLO-031325),1,10000,₱70.00,
,,,,
Premium Onesie Dress (POD-031325),20,10000,₱145.00,
,,,,
Premium Mixed Brands Onesies (PMBO-031425),1,10000,₱68.00,
,,,,
Baby Carrier (BC-031425),5,10000,₱250.00,
,,,,
Zutano 2-PC Set (Z2S-031525),1,23,₱160.00,
Zutano 2-PC Set (Z2S-031525),24,10000,₱155.00,
,,,,
Regular Mixed Brands Onesies (RMBO-031725),1,10000,₱47.00,
,,,,
Organic Bundle (OB-031925),1,10000,"₱1,272.00",
,,,,
Champion 2-PC Set (C2S-032025),1,10000,₱245.00,
,,,,
Organic Shortsleeves Onesies (OSO-032025),1,59,₱91.00,
Organic Shortsleeves Onesies (OSO-032025),60,10000,₱86.00,
,,,,
Organic Longsleeves Onesies (OLO-032025),20,39,₱94.00,
Organic Longsleeves Onesies (OLO-032025),40,10000,₱89.00,
,,,,
Baby Dress (BD-032025),15,10000,₱110.00,
,,,,
Carter's Tops (CT-032025),1,99,₱54.00,
Carter's Tops (CT-032025),100,10000,₱49.00,
,,,,
Premium Footed Pants (PFP-032025),1,99,₱63.00,
Premium Footed Pants (PFP-032025),100,10000,₱58.00,
,,,,
CK Longsleeves Onesie (CLO-032125),20,39,₱83.00,
CK Longsleeves Onesie (CLO-032125),40,10000,₱78.00,
,,,,
CK Shortsleeves Onesie (CSO-032125),20,39,₱79.00,
CK Shortsleeves Onesie (CSO-032125),40,10000,₱74.00,
,,,,
Old Navy Shorts (ONS-032125),8,10000,₱65.00,
,,,,
R+B Frogsuit And Romper Set (RFARS-032125),1,10000,₱239.00,
,,,,
Nautica Romper (NR-033125),1,59,₱149.00,
Nautica Romper (NR-033125),60,10000,₱144.00,
,,,,
4-PC Set (4S-032425),1,10000,₱239.00,
,,,,
Tops (T-032425),1,10000,₱85.00,
,,,,
Milkberry 3-PC Dress (M3D-032425),4,10000,₱225.00,
,,,,
Milkberry Onesie + Socks (MOS-032425),6,10000,₱85.00,
,,,,
Milkberry Headband (MH-032425),10,10000,₱20.00,
,,,,
Dress With Hanger (DWH-032525),1,10000,₱185.00,
,,,,
Bundle (B-042625),1,10000,₱999.00,
,,,,
Zutano Tops (ZT042625),1,10000,₱69.00,
,,,,
Kit Pearl Onesie (KPO-040125),15,10000,₱67.00,
,,,,
Disney Frogsuit (DF-040125),1,10000,₱110.00,
,,,,
Little Me Romper (LMR-040125),6,10000,₱115.00,
,,,,
H&M Sleeveless Tops (HST-040125),1,10000,₱65.00,
,,,,
H&M Organic Longsleeves Tops (HOLT-040425),6,10000,₱65.00,
,,,,
H&M Shorts (HS-040525),1,10000,₱55.00,
,,,,
Bear Paw Snugfit (BPS-040625),1,59,₱144.00,
Bear Paw Snugfit (BPS-040625),60,10000,₱139.00,
,,,,
Romper (R-040725),24,10000,₱110.00,
,,,,
Dress (D-041025),1,10000,₱159.00,
,,,,
Jumper Set (JS-041025),1,10000,₱155.00,
,,,,
Dymples Longsleeves Onesie (DLO-041125),30,59,₱79.00,
Dymples Longsleeves Onesie (DLO-041125),60,99,₱74.00,
Dymples Longsleeves Onesie (DLO-041125),100,10000,₱69.00,
,,,,
Dymples Sleeveless Onesie (DSO-041125),1,59,₱74.00,
Dymples Sleeveless Onesie (DSO-041125),60,99,₱69.00,
Dymples Sleeveless Onesie (DSO-041125),100,10000,₱64.00,
,,,,
Baby Berry Tops (BBT-041125),1,29,₱74.00,
Baby Berry Tops (BBT-041125),30,10000,₱69.00,
,,,,
Disney Longsleeves Tops (DLT-041125),1,24,₱70.00,
Disney Longsleeves Tops (DLT-041125),25,10000,₱65.00,
,,,,
Dymples Shortsleeve Onesie (DSO-041125),1,59,₱74.00,
Dymples Shortsleeve Onesie (DSO-041125),60,99,₱69.00,
Dymples Shortsleeve Onesie (DSO-041125),100,10000,₱64.00,
,,,,
Dymples Sleeveless Tops (DST-041125),1,99,₱69.00,
Dymples Sleeveless Tops (DST-041125),100,10000,₱64.00,
,,,,
Dymples Footed Pants (DFP-041125),15,10000,₱58.00,
,,,,
Baby Berry/Dymples Shorts (BBS-041125),15,29,₱70.00,
Baby Berry/Dymples Shorts (BBS-041125),30,10000,₱65.00,
,,,,
Btween Hair Accessory (BHA-041225),30,59,₱16.00,
Btween Hair Accessory (BHA-041225),60,99,₱11.00,
Btween Hair Accessory (BHA-041225),100,10000,₱9.00,
,,,,
R+B Romper (RBR-040725),1,10000,₱99.00,
,,,,
Hooded Towel (HT-041325),1,10000,₱95.00,
,,,,
Bundle (B-041425),1,10000,₱999.00,
,,,,
Kids Romper (KR-041425),20,10000,₱110.00,
,,,,
Romper (R-041525),1,10000,₱89.00,
,,,,
Non-Footed Frogsuit(NFF-041525),1,10000,₱85.00,
,,,,
Bundle (042125),1,10000,₱999.00,
,,,,
Mixed Set (MS-042325),1,10000,₱180.00,
,,,,
Bonnets (B-042325),1,10000,₱18.00,
,,,,
Bibs (B-042325),1,10000,₱19.00,
,,,,
Romper (R-042425),1,10000,₱89.00,
,,,,
Bibs Batch 2 (BB2-042525),1,10000,₱19.00,
,,,,
Romper With Hanger (RWH-041425),1,10000,₱89.00,
,,,,
Romper Batch 3 (RB3-042525),1,10000,₱89.00,
,,,,
Baby Sleeping Sack (BSS-042925),1,10000,₱50.00,
,,,,
Baby Berry Shortsleeves Onesie (BBSO-041125),40,79,₱63.00,
Baby Berry Shortsleeves Onesie (BBSO-041125),80,10000,₱58.00,
,,,,
Rabbit Bear Dress 2-PC Set (RBD2S-050225),18,10000,₱252.00,
,,,,
Rabbit Bear 3-PC Girl Set (RB3GS-050225),1,10000,₱252.00,
,,,,
Rabbit Bear 3-PC Boy Set (RB3BS-050225),1,10000,₱252.00,
,,,,
Baby Face Towel (BFT-050325),1,10000,₱19.00,
,,,,
Carter's Romper,1,10000,₱89.00,
,,,,
Baby Berry Romper (BBR-041125),10,19,₱124.00,
Baby Berry Romper (BBR-041125),20,10000,₱119.00,
,,,,
Baby Berry Frogsuit (BBF-041125),1,10000,₱119.00,
,,,,
Sleeveless Onesie (SO-051425),30,59,₱64.00,
Sleeveless Onesie (SO-051425),60,10000,₱59.00,
,,,,
Dymples Onesie Set (DOS-051725),20,10000,₱115.00,
,,,,
Baby Berry Longsleeves Onesie (BBLO-041125),1,10000,₱58.00,
,,,,
,,,,
Baby Berry 2 PC set (BB2Ps-052325),12,23,₱5.00,
Baby Berry 2 PC set (BB2Ps-052325),24,10000,₱0.00,
,,,,
Milkberry 2-PC Set (M2S-052325),12,23,₱170.00,
Milkberry 2-PC Set (M2S-052325),24,10000,₱165.00,
,,,,
Milkberry Tops (MT-052325),1,59,₱25.00,
Milkberry Tops (MT-052325),60,10000,₱0.00,
,,,,
Romper Batch 4 (RB4-052525),1,10000,₱69.00,
,,,,
Bundle (B-052725),1,10000,₱999.00,
,,,,
Milkberry Shorts (MS-053125),25,10000,₱49.00,
,,,,
Milkberry Pants (MP-053125),1,10000,₱59.00,
,,,,
Cotton On Shorts (COS-053125),1,10000,₱69.00,
,,,,
Cotton On Baby Sweatshirt (COBS-053125),15,10000,₱99.00,
,,,,
Cotton On Baby Tops (COBT-053125),13,10000,₱75.00,
,,,,
Ruffled Frogsuit (RF-053125),1,10000,₱139.00,
,,,,
Ruffled Zippered Frogsuit (RZF-053125),12,10000,₱139.00,
,,,,
Cotton On Pants (COP-053125),10,10000,₱75.00,
,,,,
Cotton On Jogger (COJ-053125),10,10000,₱75.00,
,,,,
Cotton On & Milky Romper (CO&MR-053125),6,10000,₱125.00,
,,,,
Nine West 3PC Onesie (NW3O-053125),10,10000,₱215.00,
,,,,
Milkberry 2-PC Top And Short Set (M2TASS-052325),12,23,₱173.00,
Milkberry 2-PC Top And Short Set (M2TASS-052325),24,10000,₱168.00,
,,,,
Ruffled Onesie (RO-060225),10,10000,₱59.00,
,,,,
Dymples Onesie Dress (DOD-060225),20,10000,₱152.00,
,,,,
Kotton Kandy 3PC- 4PC set (KK34s-060525),1,10000,₱175.00,
,,,,
Little Beggining Romper (LBR-060525),20,10000,₱89.00,
,,,,
Disney 3-PC set (D3s-060525),1,10000,₱175.00,
,,,,
4-PC set (4s-060525),2,10000,₱345.00,
,,,,
H&M Organic Rompers (HOR-060725),6,10000,₱145.00,
,,,,
H&M Organic Polo Shirts (HOPS-060725),10,10000,₱0.00,
,,,,
H&M Organic Polo Set (HOPS-060725),8,10000,₱225.00,
,,,,
Milkberry 2PC Girl Set (M2GS-060725),6,10000,₱160.00,
,,,,
H&M Organic Set (HOS-060725),1,10000,₱215.00,
,,,,
Nicole Miller Onesie (NMO-060725),50,99,₱63.00,
Nicole Miller Onesie (NMO-060725),100,10000,₱58.00,
,,,,
Billieblush Poncho Towel (BPT-060725),1,10000,₱85.00,
,,,,
Guess Frogsuit (GF-060725),6,10000,₱180.00,
,,,,
H&M 2PC Set (H2S-060725),6,10000,₱255.00,
,,,,
Zippered Frogsuit (ZF-060725),1,10000,₱129.00,
,,,,
Ruffled Sleeveless Onesie (RSO-060725),30,59,₱69.00,
Ruffled Sleeveless Onesie (RSO-060725),60,10000,₱64.00,
,,,,
H&M Organic Jumper (HOJ-060725),6,10000,₱105.00,
,,,,
H&M Long Overalls (HLO-060725),10,10000,₱125.00,
,,,,
Mixed Tops (MT-060725),10,10000,₱78.00,
,,,,
Billieblush Romper (BR-060725),6,10000,₱105.00,
,,,,
H&M 2-PC Set (H2S-060725),6,10000,₱229.00,
,,,,
H&M Pants (HP-060725),1,10000,₱0.00,
,,,,
H&M Hoodie Blouse (HHB-060725),6,10000,₱85.00,
,,,,
Onesie 3-PC Set (O3S-061225),1,10000,₱129.00,
,,,,
Onesie (O-061725),1,10000,₱39.00,
,,,,
Banboo Cotton Tops (BCT-052325),10,10000,₱57.00,
,,,,
Onesie (O-063025),1,10000,₱39.00,
,,,,
Milkbery 3-PC Set (M3S-070225),6,10000,₱210.00,
,,,,
Emily Oliver Rompers (EOR-070625),6,10000,₱145.00,
,,,,
Organic Romper (OR-070525),1,10000,₱145.00,
,,,,
Rabbit Bear Romper (RBR-070525),6,10000,₱139.00,
,,,,
Rabbit Bear Tops (RBT-070525),1,59,₱84.00,
Rabbit Bear Tops (RBT-070525),60,10000,₱79.00,
,,,,
Rabbit Beart Girls 2-PC Set (RBG2S-070525),6,11,₱193.00,
Rabbit Beart Girls 2-PC Set (RBG2S-070525),12,10000,₱188.00,
,,,,
Rabbit Bear 2-PC Set (RB2S-070525),6,10000,₱179.00,
,,,,
Rabbit Bear Boys 2-PC Set (RBB2S-070525),6,10000,₱179.00,
,,,,
Rabbit Bear Jumper 2-PC Set (RBJ2S-070525),6,10000,₱182.00,
,,,,
Organic Dress (OD-070525),1,49,₱124.00,
Organic Dress (OD-070525),50,10000,₱119.00,
,,,,
H&M Baby Jogger (HBJ-070525),1,59,₱79.00,
H&M Baby Jogger (HBJ-070525),60,10000,₱74.00,
,,,,
Rabbit Bear Undies (RBU-070525),30,10000,₱45.00,
,,,,
Rabbit Bear Quilted Long Sleeves Dress (RBQLSD-070525),12,10000,₱135.00,
,,,,
H&M Jogger (HJ-070525),1,59,₱79.00,
H&M Jogger (HJ-070525),60,10000,₱74.00,
,,,,
H&M Organic Polo (HOP-070825),1,10000,₱110.00,
,,,,
Rabbit Bear Polo (RBP-070825),6,10000,₱110.00,
,,,,
H&M Shorts (HS-070825),1,10000,₱85.00,
,,,,
Rabbit Bear Shorts (RBS-070825),20,10000,₱69.00,
,,,,
Rabbit Bear Long Sleeves Dress (RBLSD-070825),1,10000,₱135.00,
,,,,
Rabbit Bear Pants (RBP-070825),6,10000,₱74.00,
,,,,
Rabbit Bear Jogger & Pants (RBJ&P-070825),15,10000,₱85.00,
,,,,
Rabbit Bear Long Sleeves Tops (RBLST-070825),1,10000,₱95.00,
,,,,
H&M Organic Pants (HOP-070825),6,10000,₱85.00,
,,,,
H&M Organic Shorts (HOS-070825),6,10000,₱79.00,
,,,,
Christmas 3-PC Set (CP-070925),1,10000,₱175.00,
,,,,
Christmas Onesie (CO-070925),1,10000,₱29.00,
,,,,
Christmas Pants (Carter's),1,10000,₱25.00,
,,,,
Christmas Pants,1,10000,₱25.00,
,,,,
R+B Christmas Pants,1,10000,₱35.00,
,,,,
Rabbit Bear Christmas Set,1,10000,₱135.00,
,,,,
Chickpea Onesie (CO-070925),50,10000,₱45.00,
,,,,
Milkbery 2-PC Set (M2S-071025),1,10000,₱145.00,
,,,,
Kotton Kandy 2-PC Set,1,10000,₱125.00,
,,,,
R+B Frogsuit And Romper (RFAR-032125),1,10000,₱85.00,
,,,,
Yamp Zippered Romper (YZR-071025),1,10000,₱99.00,
,,,,
Milkberry Headbands,1,10000,₱15.00,
,,,,
Dymples Onesie Dress (DOD-060225),1,10000,₱147.00,
,,,,
Socks and Bonnets/Headband Set,1,10000,₱25.00,
,,,,
Baby Yamp! Onesie (BYO-071225),1,99,₱59.00,
Baby Yamp! Onesie (BYO-071225),100,10000,₱54.00,
,,,,
Chickpea Onesie Batch 2 (COB2-071525),50,10000,₱39.00,
,,,,
Mixed Brands Onesie (MBO-072425),1,10000,₱39.00,
,,,,
Mixed Tops (MT-080425),1,10000,₱65.00,
,,,,
Mixed Brands Onesie (MBO-080725),50,10000,₱37.00,
,,,,
Btween 2-PC Dress (B2D-081625),3,5,₱330.00,
Btween 2-PC Dress (B2D-081625),6,10000,₱325.00,
,,,,
Rabbit Bear Shortsleeves Onesie (RBSO-081625),30,14,₱83.00,
Rabbit Bear Shortsleeves Onesie (RBSO-081625),15,10000,₱78.00,
,,,,
Rare Edition 2-PC Set (RE2S-081625),6,11,₱5.00,
Rare Edition 2-PC Set (RE2S-081625),12,10000,₱0.00,
,,,,
H&M 2-PC Set (H2S-081625),1,10000,₱235.00,
,,,,
H&M Lace Top & Skirt 2-PC Set (HLT&S2S-081625),1,10000,₱255.00,
,,,,
Tex Pastel Romper (TPR-081625),1,10000,₱119.00,
,,,,
Rabbit Bear Frogsuit With Headband (RBFWH-081625),1,10000,₱225.00,
,,,,
Disney Corduroy 2-PC Set (DC2S-081625),6,10000,₱205.00,
,,,,
H&M Polo And Pants  2-PC Set (HPAP2S-081825),1,10000,₱225.00,
,,,,
Premium Jumpers (PJ-081825),15,10000,₱105.00,
,,,,
Rabbit Bear 2-PC Set (RB2S-081825),1,10000,₱190.00,
,,,,
Boys 2-PC Set (B2S-081825),3,10000,₱225.00,
,,,,
Mini Threads 2-PC Set (MT2S-081825),6,10000,₱170.00,
,,,,
Mini Threads 2-PC Set (MT2S-081825),6,10000,₱165.00,
,,,,
Organic Cotton Willow + Whimsy 3-PC Set (OCWW3S-081825),1,31,₱164.00,
Organic Cotton Willow + Whimsy 3-PC Set (OCWW3S-081825),32,10000,₱159.00,
,,,,
3-PC Set (3S-081825),1,10000,₱205.00,
,,,,
Mixed 3-PC Set (M3S-081825),6,10000,₱215.00,
,,,,
Disney Jumper (DJ-082025),1,10000,₱125.00,
,,,,
Organic Bundle (OB-090225),1,10000,"₱1,350.00",
,,,,
Sale Onesie (SO-090225),1,10000,₱45.00,
,,,,
Disney Non-Footed Frogsuit (DNF-090525),15,10000,₱95.00,
,,,,
Baby Jackets (BJ-090525),15,10000,₱125.00,
,,,,
Zippered Bamboo Frogsuit (ZBF-090525),15,10000,₱129.00,
,,,,
Disney 2-PC Set (D2S-090525),1,10000,₱185.00,
,,,,
HB Sleeveless Onesie (HSO-090525),15,10000,₱60.00,
,,,,
HB Shortsleeves Onesie (HSO-090525),15,10000,₱60.00,
,,,,
Grayson Collective Organic Onesie (GCOO-090525),1,10000,₱60.00,
,,,,
Baby Pants (BP-090525),15,10000,₱79.00,
,,,,
Kids Tops & Short (KT&S-090525),15,10000,₱355.00,
,,,,
H&M Sweater (HS-090525),6,10000,₱125.00,
,,,,
Baby Sweater (BS-090525),15,10000,₱75.00,
,,,,
Baby Bibs 5-PC Set (BB5S-090525),1,10000,₱145.00,
,,,,
Bibs (B-090525),50,99,₱3.00,
Bibs (B-090525),100,10000,₱0.00,
,,,,
Dymples & Baby Berry Non Footed Frogsuit (D&BBNFF-090525),1,10000,₱145.00,
,,,,
Baby Berry Frogsuit (BBF-090625),10,10000,₱129.00,
,,,,
Milkberry Frogsuit (MF-090625),6,10000,₱135.00,
,,,,
3-PC Set (3S-092225),1,10000,₱219.00,
,,,,
4-PC Set (4S-092225),1,10000,₱225.00,
,,,,
Mixed Onesie (MO-092225),1,10000,₱37.00,
,,,,
H&M Dress (HD-101625),6,10000,₱145.00,
,,,,
Baby Berry/Dymples Tops (BBT-101625),25,10000,₱69.00,
,,,,
H&M Disney Jumpers (HDJ-101625),6,10000,₱149.00,
,,,,
Bear Paw Dress (BPD-101625),6,10000,₱180.00,
,,,,
H&M Denim Jumpers (HDJ-101625),6,10000,₱149.00,
,,,,
Baby Berry Onesie Romper Sweatshirt (BBORS-101625),15,10000,₱105.00,
,,,,
Milkberry 2-PC Girl Set (M2GS-101625),3,10000,₱185.00,
,,,,
Milkberry 4-PC Pajama Set (M4PS-101625),2,10000,₱360.00,
,,,,
Chickpea Non-Footed Frogsuit (CNF-101625),12,10000,₱125.00,
,,,,
H&M Shorts (HS-101625),12,10000,₱70.00,
,,,,
Disney 5-PC Set (D5S-101625),2,10000,₱315.00,
,,,,
H&M Organic Shorts (HOS-101625),1,10000,₱65.00,
,,,,
Disney Vest (DV-101625),6,10000,₱110.00,
,,,,
Baby Socks (BS-101725),30,59,₱33.00,
Baby Socks (BS-101725),60,10000,₱28.00,
,,,,
Organic Cotton Willow + Whimsy 2-PC Set (OCWW2S-101725),1,10000,₱129.00,
,,,,
H&M Organic Shortsleeve Onesie (102125),30,10000,₱38.00,
,,,,
Chickpea Tops (CT-102925),12,10000,₱89.00,
,,,,
Milkberry 2-PC Set (M2S-102925),6,10000,₱165.00,
,,,,
Disney 2-PC Set (D2S-102925),6,10000,₱145.00,
,,,,
Rare Edition 2-PC Set (RE2S-102925),1,10000,₱155.00,
,,,,
Nicole Miller Onesie 5-PC Set (NMO5S-103125),8,10000,₱299.00,
,,,,
Nicole Miller Frogsuit (NMF-103125),12,10000,₱139.00,
,,,,
Onesie Jumper (OJ-103125),12,10000,₱105.00,
,,,,
Nicole Miller Shortsleeves Onesie (NMSO-103125),20,10000,₱65.00,
,,,,
Waffled Fabric 2-PC Set (WF2S-103125),6,10000,₱160.00,
,,,,
Onesie 2-PC Set (O2S-103125),12,10000,₱120.00,
,,,,
Nicole Miller Zippered Frogsuit (NMZF-103125),9,10000,₱159.00,
,,,,
Non-Footed Frogsuit (NF-103125),15,10000,₱149.00,
,,,,
Baby Bibs (BB-103125),50,10000,₱15.00,
,,,,
Baby Shoes (BS-110325),12,10000,₱95.00,
,,,,
Disney 5-PC Set (D5S-101625),3,10000,₱310.00,
,,,,
Milkberry 2-PC Pajama Set (M2PS-102925),3,10000,₱150.00,
,,,,
Baby Gym Mat (BGM-110625),6,10000,₱391.00,
,,,,
Baby Cloth Book (BCB-110625),12,10000,₱89.00,
,,,,
Ruffle Sleeves Onesie (RSO-110625),30,10000,₱65.00,
,,,,
Onesie With Hanger (OWH-111225),20,10000,₱58.00,