Shipment Code,CV Number,No. Of Sacks,Total CBM,Weight,Shipment Status,Posting Date,Order Date,Payment,Product,Product Code,Age Range,Unit,Unit Price,Quantity,Alibaba Shipping Costs,Exchange Rates,PHP,Sub Total (PHP),Transaction Fee,Grand Total,Forwarder's Fee,Lalamove,Packaging Cost,Suggested Price,Actual Price,Base Price,COGS,Projected Sales Total,Projected Profit,Projected Profit (%),Total Markup
,,,,,,061224,,,Organic Baby Shorts,,,,,,,,,,,,,,,,,,,,,,
,,,,,,092624,,,Booties,,,,,,,,,,,,,,,,,,,,,,
,,,,,,111224,,,Baby Dress,,,,,,,,,,,,,,,,,,,,,,
,,,,,,091624,,,Bonnets,,,,,,,,,,,,,,,,,,,,,,
,,,,,,111324,,,R+B 3-PC Onesie Set,,,,,,,,,,,,,,,,,,,,,,
,,,,,,112024,,,Mixed Onesies,,,,,,,,,,,,,,,,,,,,,,
,,,,,,111224,,,H&MxDisney Demin Jeans,,,,,,,,,,,,,,,,,,,,,,
,,,,,,080524,,,Premium Rompers / Jumpers,,,,,,,,,,,,,,,,,,,,,,
,,,,,,080524,,,H&M Tops,,,,,,,,,,,,,,,,,,,,,,
,,,,,,110823,,,Jacket/Sweatshirt,,,,,,,,,,,,,,,,,,,,,,
KPC 23930A-00169,,,,,,010425,,Paid,Milkberry / Beau Et. Belle,,0-9 months,pc,$1.70,2175,0.00,в‚±60.00,,,,,"в‚±4,575.00","в‚±1,500.00","в‚±1,500.00",в‚±133.00,в‚±135.00,,,,,,
KPC 23930A-00171,,,,,,012025,,Paid,Frogsuits With Hanger,,0-24 months,pc,$1.15,1000,0.00,в‚±61.00,,,,,"в‚±6,346.15","в‚±1,153.85","в‚±1,153.85",в‚±99.00,в‚±119.00,,,,,,
KPC 23930A-00171,,,,,,012025,,Paid,Bibs,,0-24 months,pc,$0.20,1500,0.00,в‚±61.00,,,,,"в‚±1,903.85",в‚±346.15,в‚±346.15,в‚±18.00,в‚±20.00,,,,,,
KPC 23930A-00172,,,,,,012125,,Paid,Premium Tops,,0-24 months,pc,$0.86,1977,12.00,в‚±60.00,,,,,"в‚±4,000.00",в‚±800.00,в‚±800.00,в‚±69.00,в‚±75.00,,,,,,
KPC 23930A-00172,,,,,,012125,,Paid,Pajama Set,,12m-4T,set,$1.86,93,13.00,в‚±60.00,,,,,в‚±500.00,в‚±100.00,в‚±100.00,в‚±160.00,в‚±160.00,,,,,,
KPC 23930A-00172,,,,,,120424,,Paid,H&M Organic Longsleeves Onesie,,0-6,pc,$0.69,1549,19.00,в‚±60.00,,,,,"в‚±4,800.00","в‚±1,500.00","в‚±1,500.00",в‚±60.00,в‚±57.00,,,,,,
KPC 23930A-00173,,,,,,012525,,Paid,Sleeveless Onesie,,0-18,pc,$0.69,1520,10.26,в‚±60.00,,,,,"в‚±2,051.41",в‚±305.27,в‚±305.27,в‚±55.00,в‚±60.00,,,,,,
KPC 23930A-00173,,,,,,012525,,Paid,Tex Hooded Baby Towelette,,6m-23m,pc,$1.20,1022,20.69,в‚±60.00,,,,,"в‚±4,137.92",в‚±615.76,в‚±615.76,в‚±99.00,в‚±110.00,,,,,,
KPC 23930A-00173,,,,,,012525,,Paid,Carters Pajama,,0-2T,pc,$0.50,3931,53.05,в‚±60.00,,,,,"в‚±10,610.67","в‚±1,578.97","в‚±1,578.97",в‚±43.00,в‚±55.00,,,,,,
KPC 23930A-00174,,,,,,020225,,Paid,Baby Short,,0-24m,pc,$0.43,1000,0.00,в‚±61.00,,,,,"в‚±1,331.25",в‚±375.00,в‚±375.00,в‚±36.00,в‚±39.00,,,,,,
KPC 23930A-00174,,,,,,020225,,Paid,Baby Pants,,0-24m,pc,$0.43,1500,0.00,в‚±61.00,,,,,"в‚±3,993.75","в‚±1,125.00","в‚±1,125.00",в‚±39.00,в‚±45.00,,,,,,
KPC 23930A-00175,,,,,,012425,,Paid,Disney Jogger Pants,,0-24 months,pc,$0.56,3862,39.45,в‚±60.00,,,,,"в‚±11,045.56","в‚±1,643.68","в‚±1,643.68",в‚±48.00,в‚±60.00,,,,,,
KPC 23930A-00175,,,,,,012425,,Paid,Tahari Dress,,3m-5T,pc,$2.50,278,5.68,в‚±60.00,,,,,"в‚±1,590.19",в‚±236.64,в‚±236.64,в‚±200.00,в‚±215.00,,,,,,
KPC 23930A-00175,,,,,,012425,,Paid,Organic Jessica Simpson Summer Dress,,18m-8Y,pc,$2.50,728,14.87,в‚±60.00,,,,,"в‚±4,164.25",в‚±619.68,в‚±619.68,в‚±200.00,в‚±235.00,,,,,,
KPC 23930A-00176,,,,,,021025,,Paid,Bonnets,,0-24m,pc,$0.20,1500,0.00,в‚±60.00,,,,,в‚±694.57,в‚±104.35,в‚±104.35,в‚±16.00,в‚±18.00,,,,,,
KPC 23930A-00176,,,,,,021025,,Paid,Baby Pants,,0-24m,pc,$0.43,1000,0.00,в‚±60.00,,,,,"в‚±2,315.22",в‚±347.83,в‚±347.83,в‚±37.00,в‚±39.00,,,,,,
KPC 23930A-00176,,,,,,021025,,Paid,Frogsuits,,0-24m,pc,$1.20,500,0.00,в‚±60.00,,,,,"в‚±2,315.22",в‚±347.83,в‚±347.83,в‚±98.00,в‚±105.00,,,,,,
KPC 23930A-00177,,,,,,012825,,Paid,H&M Organic Pants,,2m-4T,pc,$0.76,409,2.87,в‚±61.00,,,,,"в‚±1,201.08",в‚±191.26,в‚±191.26,в‚±64.00,в‚±80.00,,,,,,
KPC 23930A-00177,,,,,,012825,,Paid,H&M Organic Shorts,,0-3T,pc,$0.69,40,0.28,в‚±61.00,,,,,в‚±117.47,в‚±18.70,в‚±18.70,в‚±59.00,в‚±75.00,,,,,,
KPC 23930A-00177,,,,,,012825,,Paid,H&M Organic Jogger,,1m-9m,pc,$0.76,89,0.62,в‚±61.00,,,,,в‚±261.36,в‚±41.62,в‚±41.62,в‚±64.00,в‚±80.00,,,,,,
KPC 23930A-00177,,,,,,012825,,Paid,H&M Ribbed Leggings,,2m-3T,pc,$0.76,69,0.48,в‚±61.00,,,,,в‚±202.63,в‚±32.27,в‚±32.27,в‚±64.00,в‚±75.00,,,,,,
KPC 23930A-00177,,,,,,012825,,Paid,H&M Rompers,,3m-10T,pc,$1.53,37,0.52,в‚±61.00,,,,,в‚±217.31,в‚±34.60,в‚±34.60,в‚±128.00,в‚±150.00,,,,,,
KPC 23930A-00177,,,,,,012825,,Paid,H&M Baby Tops,,4m-4T,pc,$1.39,41,0.29,в‚±61.00,,,,,в‚±120.40,в‚±19.17,в‚±19.17,в‚±112.00,в‚±125.00,,,,,,
KPC 23930A-00177,,,,,,012825,,Paid,H&M Skirt,,2T-12T,pc,$0.84,51,0.36,в‚±61.00,,,,,в‚±149.77,в‚±23.85,в‚±23.85,в‚±70.00,в‚±85.00,,,,,,
KPC 23930A-00177,,,,,,012825,,Paid,Premium Footed Pants,,0-18m,pc,$0.56,1171,8.21,в‚±61.00,,,,,"в‚±3,438.80",в‚±547.58,в‚±547.58,в‚±49.00,в‚±58.00,,,,,,
KPC 23930A-00177,,,,,,012825,,Paid,Guess Frogsuit,,0-9m,pc,$1.80,49,0.69,в‚±61.00,,,,,в‚±287.79,в‚±45.83,в‚±45.83,в‚±149.00,в‚±190.00,,,,,,
KPC 23930A-00177,,,,,,012825,,Paid,Milkberry Frogsuit,,0-24m,pc,$1.66,523,7.34,в‚±61.00,,,,,"в‚±3,071.72",в‚±489.13,в‚±489.13,в‚±138.00,в‚±145.00,,,,,,
KPC 23930A-00177,,,,,,012825,,Paid,Frogsuits With Accessories,,0-9m,set,$2.08,168,3.54,в‚±61.00,,,,,"в‚±1,480.07",в‚±235.68,в‚±235.68,в‚±176.00,в‚±185.00,,,,,,
KPC 23930A-00177,,,,,,012825,,Paid,2-PC Frogsuit,,0-9m,set,$2.78,65,2.28,в‚±61.00,,,,,в‚±954.41,в‚±151.98,в‚±151.98,в‚±240.00,в‚±240.00,,,,,,
KPC 23930A-00177,,,,,,012825,,Paid,3-PC Set,,0-9m,set,$2.20,90,2.53,в‚±61.00,,,,,"в‚±1,057.19",в‚±168.34,в‚±168.34,в‚±190.00,в‚±185.00,,,,,,
KPC 23930A-00178,,,,,,021425,,Paid,Mixed Tops,,0-24m,pc,$0.65,1000,0.00,в‚±60.00,,,,,"в‚±2,250.00","в‚±1,000.00","в‚±1,000.00",в‚±55.00,в‚±55.00,,,,,,
KPC 23930A-00180,,,,,,020525,,Paid,Organic Baby Polo,,3m-4T,pc,$1.78,1370,0.00,в‚±61.00,,,,,"в‚±3,312.46",в‚±707.79,в‚±707.79,в‚±141.00,в‚±159.00,,,,,,
KPC 23930A-00180,,,,,,020725,,Paid,Organic Tops,,3m-4T,pc,$1.20,2420,0.00,в‚±61.00,,,,,"в‚±5,851.21","в‚±1,250.26","в‚±1,250.26",в‚±97.00,в‚±115.00,,,,,,
KPC 23930A-00180,,,,,,020425,,Paid,Organic Pants,,3m-4T,pc,$0.71,200,0.00,в‚±61.00,,,,,в‚±483.57,в‚±103.33,в‚±103.33,в‚±59.00,в‚±85.00,,,,,,
KPC 23930A-00180,,,,,,020425,,Paid,Organic Shorts,,3m-4T,pc,$0.71,1698,0.00,в‚±61.00,,,,,"в‚±2,052.76",в‚±438.62,в‚±438.62,в‚±57.00,в‚±70.00,,,,,,
KPC 23930A-00182,,,,,,011925,,Paid,Organic Longsleeves Onesies,,0-9 mon.,pc,$1.13,4140,0.00,в‚±61.00,,,,,"в‚±10,797.36",в‚±828.44,в‚±828.44,в‚±91.00,в‚±89.00,,,,,,
KPC 23930A-00182,,,,,,011925,,Paid,Organic Shortsleeves Onesies,,0-9 mon.,pc,$1.13,5034,0.00,в‚±61.00,,,,,"в‚±8,752.64",в‚±671.56,в‚±671.56,в‚±90.00,в‚±86.00,,,,,,
,,,,,,,,Paid,Carters Baby Shorts,,6m-2T,pc,$0.40,,,в‚±60.00,,,,,,,,,,,,,,,
KPC 23930A-00181,,,,,,020725,,Paid,Champion Shirts,,2-18Y,pc,$1.34,2714,0.00,в‚±60.00,,,,,"в‚±12,560.00","в‚±2,500.00","в‚±2,500.00",в‚±109.00,в‚±127.00,,,,,,
KPC 23930A-00179,,,,,,022225,,Paid,Hallmark Frogsuit,,0-12m,set,$2.56,93,2.53,в‚±61.00,,,,,"в‚±1,057.19",в‚±168.34,в‚±168.34,в‚±217.00,в‚±240.00,,,,,,
KPC 23930A-00179,,,,,,022225,,Paid,Corduroy Shorts,,9m-5T,pc,$0.83,215,1.00,в‚±61.00,,,,,"в‚±1,360.00",в‚±200.00,в‚±200.00,в‚±74.00,в‚±85.00,,,,,,
KPC 23930A-00179,,,,,,022425,,Paid,Frogsuits,,0-24m,pc,$1.00,190,3.47,в‚±61.00,,,,,"в‚±1,000.00",в‚±500.00,в‚±500.00,в‚±91.00,в‚±105.00,,,,,,
KPC 23930A-00182,,,,,,022825,,Paid,Organic Dress,,3m-4T,pc,$1.84,837,0.00,в‚±61.00,,,,,"в‚±3,000.00",в‚±400.00,в‚±400.00,в‚±147.00,в‚±165.00,,,,,,
KPC 23930A-00182,,,,,,030125,,Paid,Organic Sleeveless Tops,,3-4T,pc,$1.84,1572,0.00,в‚±61.00,,,,,"в‚±1,500.00",в‚±600.00,в‚±600.00,в‚±144.00,в‚±128.00,,,,,,
KPC 23930A-00183,,,,,,030425,,Paid,Zutano Frogsuit,,12m-18m,pc,$1.32,675,16.03,в‚±61.00,,,,,"в‚±3,206.65",в‚±801.66,в‚±801.66,в‚±112.00,в‚±99.00,,,,,,
KPC 23930A-00183,,,,,,030425,,Paid,Zutano Reversible Jacket Set,,6m-24m,set,$2.32,294,13.97,в‚±60.00,,,,,"в‚±2,793.35",в‚±698.34,в‚±698.34,в‚±196.00,в‚±215.00,,,,,,
KPC 23930A-00184,,,,,,032025,,Paid,Baby Dress,,1m-3T,pc,$1.24,230,3.14,в‚±61.00,,,,,в‚±836.71,в‚±118.85,в‚±118.85,в‚±102.00,в‚±110.00,,,,,,
KPC 23930A-00184,,,,,,032025,,Paid,Champion 2-PC Set,,2T-10T,set,$2.74,400,10.91,в‚±61.00,,,,,"в‚±2,910.29",в‚±413.39,в‚±413.39,в‚±224.00,в‚±245.00,,,,,,
KPC 23930A-00184,,,,,,031525,,Paid,Zutano 2-PC Set,,6m-4T,set,$1.78,1904,51.95,в‚±61.00,,,,,"в‚±13,853.00","в‚±1,967.76","в‚±1,967.76",в‚±150.00,в‚±155.00,,,,,,
KPC 23930A-00186,,,,,,032025,,Paid,Carter's Tops,,6m-2T,pc,$0.55,1849,15.84,в‚±61.00,,,,,"в‚±4,070.75",в‚±550.10,в‚±550.10,в‚±47.00,в‚±49.00,,,,,,
KPC 23930A-00186,,,,,,032025,,Paid,Premium Footed Pants,,0-12m,pc,$0.53,3005,25.75,в‚±61.00,,,,,"в‚±6,615.79",в‚±894.03,в‚±894.03,в‚±45.00,в‚±58.00,,,,,,
KPC 23930A-00186,,,,,,031325,,Paid,Premium Sleeveless Onesie,,0-36m,pc,$0.68,3549,30.41,в‚±61.00,,,,,"в‚±7,813.46","в‚±1,055.87","в‚±1,055.87",в‚±57.00,в‚±64.00,,,,,,
KPC 23930A-00187,,,,,,040125,,Paid,H&M Sleeveless Tops,,2T-10Y,pc,$0.76,152,1.15,в‚±61.00,,,,,в‚±418.37,в‚±59.77,в‚±59.77,в‚±64.00,в‚±65.00,,,,,,
KPC 23930A-00187,,,,,,040425,,Paid,H&M Organic Longsleeves Tops,,2m-4T,pc,$0.76,52,0.39,в‚±61.00,,,,,в‚±143.13,в‚±20.45,в‚±20.45,в‚±64.00,в‚±65.00,,,,,,
KPC 23930A-00187,,,,,,032125,,Paid,Old Navy Shorts,,5m-10Y,pc,$0.76,33,0.25,в‚±61.00,,,,,в‚±90.83,в‚±12.98,в‚±12.98,в‚±64.00,в‚±65.00,,,,,,
KPC 23930A-00187,,,,,,032125,,Paid,CK Shortsleeves Onesie,,0-24m,pc,$0.83,278,2.10,в‚±61.00,,,,,в‚±765.18,в‚±109.31,в‚±109.31,в‚±69.00,в‚±74.00,,,,,,
KPC 23930A-00187,,,,,,032125,,Paid,CK Longsleeves Onesie,,0-24m,pc,$0.86,208,1.57,в‚±61.00,,,,,в‚±572.51,в‚±81.79,в‚±81.79,в‚±71.00,в‚±78.00,,,,,,
KPC 23930A-00187,,,,,,031325,,Paid,Premium Shortsleeves Onesie,,1m-24m,pc,$0.63,5635,42.54,в‚±61.00,,,,,"в‚±15,509.99","в‚±2,215.71","в‚±2,215.71",в‚±54.00,в‚±61.00,,,,,,
KPC 23930A-00194,,,,,,031325,,Paid,Premium Longsleeves Onesie,,1m-18m,pc,$0.73,663,7.56,в‚±61.00,,,,,"в‚±1,559.44","в‚±1,181.40","в‚±1,181.40",в‚±65.00,в‚±70.00,,,,,,
KPC 23930A-00194,,,,,,031325,,Paid,Premium Onesie Dress,,0-24m,pc,$1.80,740,8.44,в‚±61.00,,,,,"в‚±1,740.56","в‚±1,318.60","в‚±1,318.60",в‚±147.00,в‚±145.00,,,,,,
KPC 23930A-00189,,,,,,031425,,Paid,Premium Mixed Brands Onesies,,0-18m,pc,$0.79,2100,0.00,в‚±60.00,,,,,"в‚±4,000.00","в‚±1,500.00","в‚±1,500.00",в‚±64.00,в‚±68.00,,,,,,
KPC 23930A-00190,,,,,,031725,,Paid,Regular Mixed Brands Onesies,,0-18m,pc,$0.69,700,0.00,в‚±58.30,,,,,в‚±700.00,в‚±500.00,в‚±500.00,в‚±54.00,в‚±47.00,,,,,,
KPC 23930A-00189,,,,,,032025,,Paid,Organic Shortsleeves Onesies,,0-12m,pc,$1.13,960,0.00,в‚±60.00,,,,,"в‚±2,300.00","в‚±1,000.00","в‚±1,000.00",в‚±91.00,в‚±86.00,,,,,,
KPC 23930A-00189,,,,,,032025,"September 29, 2025",Paid,Organic Longsleeves Onesies,,0-12m,pc,$1.13,340,0.00,в‚±60.00,,,,,"в‚±1,000.00","в‚±1,000.00","в‚±1,000.00",в‚±96.00,в‚±89.00,,,,,,
KPC 23930A-00191,,,,,,033125,,Paid,Nautica Romper,,0-18m,pc,$1.72,588,6.82,в‚±60.00,,,,,"в‚±1,824.84",в‚±426.37,в‚±426.37,в‚±137.00,в‚±144.00,,,,,,
KPC 23930A-00191,,,,,,032425,,Paid,Milkberry Onesie + Socks,,6-9m,set,$0.96,31,0.18,в‚±60.00,,,,,в‚±48.10,в‚±11.24,в‚±11.24,в‚±76.00,в‚±85.00,,,,,,
KPC 23930A-00191,,,,,,032425,,Paid,Milkberry Headband,,0-24m,pc,$0.24,151,0.44,в‚±60.00,,,,,в‚±117.16,в‚±27.37,в‚±27.37,в‚±20.00,в‚±20.00,,,,,,
KPC 23930A-00191,,,,,,040125,,Paid,Little Me Romper,,3-6m,pc,$1.26,62,1.08,в‚±60.00,,,,,в‚±288.62,в‚±67.44,в‚±67.44,в‚±105.00,в‚±115.00,,,,,,
KPC 23930A-00191,,,,,,,,Paid,Romper,,3-24m,pc,$1.26,100,1.74,в‚±60.00,,,,,в‚±465.52,в‚±108.77,в‚±108.77,в‚±105.00,в‚±105.00,,,,,,
KPC 23930A-00191,,,,,,041025,,Paid,Jumper Set,,3m-12m,set,$1.65,56,0.97,в‚±60.00,,,,,в‚±260.69,в‚±60.91,в‚±60.91,в‚±135.00,в‚±155.00,,,,,,
KPC 23930A-00191,,,,,,040525,,Paid,H&M Shorts,,2T-10T,pc,$0.64,249,1.44,в‚±60.00,,,,,в‚±386.38,в‚±90.28,в‚±90.28,в‚±52.00,в‚±55.00,,,,,,
KPC 23930A-00191,,,,,,040125,,Paid,Kit Pearl Onesie,,0-24m,pc,$0.76,30,0.17,в‚±60.00,,,,,в‚±46.55,в‚±10.88,в‚±10.88,в‚±61.00,в‚±67.00,,,,,,
KPC 23930A-00191,,,,,,041025,,Paid,Dress,,2T-5T,pc,$1.92,30,0.35,в‚±60.00,,,,,в‚±93.10,в‚±21.75,в‚±21.75,в‚±152.00,в‚±159.00,,,,,,
KPC 23930A-00191,,,,,,040125,,Paid,Disney Frogsuit,,0-24m,pc,$1.30,147,1.71,в‚±60.00,,,,,в‚±456.21,в‚±106.59,в‚±106.59,в‚±105.00,в‚±110.00,,,,,,
KPC 23930A-00191,,,,,,040725,,Paid,Romper,,0-24m,pc,$1.33,1380,16.01,в‚±60.00,,,,,"в‚±4,282.79","в‚±1,000.65","в‚±1,000.65",в‚±107.00,в‚±110.00,,,,,,
KPC 23930A-00191,,,,,,032425,,Paid,Milkberry 3-PC Dress,,0-9m,set,$2.46,36,0.84,в‚±60.00,,,,,в‚±223.45,в‚±52.21,в‚±52.21,в‚±199.00,в‚±225.00,,,,,,
KPC 23930A-00191,,,,,,041425,,Paid,Kids Romper,,3T-16T,pc,$1.37,221,2.56,в‚±60.00,,,,,в‚±685.87,в‚±160.25,в‚±160.25,в‚±110.00,в‚±110.00,,,,,,
KPC 23930A-00191,,,,,,041325,,Paid,Hooded Towel,,0--6m,pc,$1.17,94,1.09,в‚±60.00,,,,,в‚±291.73,в‚±68.16,в‚±68.16,в‚±95.00,в‚±95.00,,,,,,
KPC 23930A-00191,,,,,,041425,,Paid,Non-Footed Frogsuit,,0-9m,pc,$1.30,87,1.01,в‚±60.00,,,,,в‚±270.00,в‚±63.08,в‚±63.08,в‚±105.00,в‚±110.00,,,,,,
KPC 23930A-00191,,,,,,032425,,Paid,Tops,,0-3T,pc,$0.82,119,1.38,в‚±60.00,,,,,в‚±369.31,в‚±86.29,в‚±86.29,в‚±69.00,в‚±85.00,,,,,,
KPC 23930A-00191,,,,,,032525,,Paid,Dress With Hanger,,2T-6X,pc,$2.06,60,1.04,в‚±60.00,,,,,279.31,65.26,65.26,в‚±165.00,в‚±185.00,,,,,,
KPC 23930A-00191,,,,,,032425,,Paid,4-PC Set,,0-12m,pc,$2.90,40,1.16,в‚±60.00,,,,,310.35,72.51,72.51,в‚±235.00,в‚±239.00,,,,,,
KPC 23930A-00202,,,,,,040625,,Paid,Bear Paw Snugfit,,12m-4T,set,$1.52,1300,25.55,в‚±60.00,,,,,"в‚±7,928.98","в‚±1,101.25","в‚±1,101.25",в‚±126.00,в‚±139.00,,,,,,
KPC 23930A-00195,,,,,,041125,,Paid,Dymples Longsleeves Onesie,,0-24m,pc,$0.76,2576,27.39,в‚±60.00,,,,,"7,953.34","1,104.63","1,104.63",в‚±63.00,в‚±69.00,,,,,,
KPC 23930A-00195,,,,,,041125,,Paid,Dymples Sleeveless Onesie,,0-24m,pc,$0.68,3443,24.41,в‚±60.00,,,,,"7,086.79",984.28,984.28,в‚±56.00,в‚±64.00,,,,,,
KPC 23930A-00195,,,,,,041125,,Paid,Baby Berry Tops,,6m-24m,pc,$0.70,444,6.30,в‚±60.00,,,,,"1,827.79",253.86,253.86,в‚±61.00,в‚±69.00,,,,,,
KPC 23930A-00195,,,,,,041125,,Paid,Disney Longsleeves Tops,,0-24m,pc,$0.76,275,3.90,в‚±60.00,,,,,"1,132.08",157.23,157.23,в‚±65.00,в‚±65.00,,,,,,
KPC 23930A-00196,,,,,,041125,,Paid,Dymples Shortsleeve Onesie,,0-24M,pc,$0.68,5401,35.74,в‚±60.00,,,,,"в‚±13,403.83","в‚±1,861.64","в‚±1,861.64",в‚±56.00,в‚±64.00,,,,,,
KPC 23930A-00196,,,,,,041125,,Paid,Dymples Sleeveless Tops,,0-24M,pc,$0.59,1343,8.89,в‚±60.00,,,,,"в‚±3,332.97",в‚±462.91,в‚±462.91,в‚±49.00,в‚±64.00,,,,,,
KPC 23930A-00196,,,,,,041125,,Paid,Dymples Footed Pants,,0-12m,pc,$0.56,244,1.61,в‚±60.00,,,,,в‚±605.54,в‚±84.10,в‚±84.10,в‚±47.00,в‚±58.00,,,,,,
KPC 23930A-00196,,,,,,041125,,Paid,Baby Berry/Dymples Shorts,,3m-24m,pc,$0.58,265,1.75,в‚±60.00,,,,,в‚±657.66,в‚±91.34,в‚±91.34,в‚±49.00,в‚±65.00,,,,,,
KPC 23930A-00198,,,,,,041125,,Paid,Baby Berry Romper,,0-18m,pc,$1.10,397,5.62,в‚±60.00,,,,,"в‚±1,744.95",в‚±242.35,в‚±242.35,в‚±91.00,в‚±119.00,,,,,,
KPC 23930A-00198,,,,,,041125,,Paid,Baby Berry Longsleeves Onesie,,0-24m,pc,$0.76,2316,24.60,в‚±60.00,,,,,"в‚±7,634.70","в‚±1,060.37","в‚±1,060.37",в‚±64.00,в‚±58.00,,,,,,
KPC 23930A-00198,,,,,,041125,,Paid,Baby Berry Shortsleeves Onesie,,0-24m,pc,$0.68,2195,15.54,в‚±60.00,,,,,"в‚±4,823.88",в‚±669.98,в‚±669.98,в‚±56.00,в‚±58.00,,,,,,
KPC 23930A-00198,,,,,,041125,,Paid,Baby Berry Frogsuit,,0-18m`,pc,$1.52,691,12.23,в‚±60.00,,,,,"в‚±3,796.47",в‚±527.29,в‚±527.29,в‚±125.00,в‚±119.00,,,,,,
KPC 23930A-00197,,,,,,041225,,Paid,Btween Hair Accessory,,Onesie,pc,$0.10,5000,0.00,в‚±60.00,,,,,"в‚±1,500.00","в‚±1,500.00","в‚±1,500.00",в‚±9.00,в‚±9.00,,,,,,
KPC 23930A-00185,,,,,,041425,,Paid,Romper With Hanger,,0-24,set,$1.13,394,0.00,в‚±60.00,,,,,"в‚±1,500.00",в‚±100.00,в‚±100.00,в‚±91.00,в‚±89.00,,,,,,
KPC 23930A-00192,,,,,,042325,,Paid,Mixed Set,,0-24m,set,$1.98,515,0.00,в‚±60.00,,,,,"в‚±3,825.00",в‚±714.00,в‚±714.00,в‚±162.00,в‚±180.00,,,,,,
KPC 23930A-00188,,,,,,042325,,Paid,Bonnets,,0-24m,pc,$0.20,1000,0.00,в‚±60.00,,,,,в‚±800.00,в‚±300.00,в‚±300.00,в‚±17.00,в‚±18.00,,,,,,
KPC 23930A-00188,,,,,,042325,,Paid,Bibs,,Onesie,pc,$0.20,1000,0.00,в‚±60.00,,,,,в‚±800.00,в‚±300.00,в‚±300.00,в‚±17.00,в‚±19.00,,,,,,
KPC 23930A-00188,,,,,,042425,,Paid,Romper,,0-24m,pc,$1.07,500,0.00,в‚±60.00,,,,,"в‚±1,625.00",в‚±300.00,в‚±300.00,в‚±87.00,в‚±89.00,,,,,,
,,,,,,042525,,Paid,Bibs Batch 2,,0-24,pc,$0.20,1000,0.00,в‚±60.00,,,,,в‚±750.00,в‚±500.00,в‚±500.00,в‚±18.00,в‚±19.00,,,,,,
,,,,,,042525,,Paid,Romper Batch 3,,0-24m,pc,$1.07,500,0.00,в‚±60.00,,,,,в‚±750.00,в‚±500.00,в‚±500.00,в‚±85.00,в‚±89.00,,,,,,
KPC 23930A-00200,,,,,,050225,,Paid,Rabbit Bear Dress 2-PC Set,,12-24m,set,$3.85,72,0.00,в‚±58.00,,,,,в‚±500.00,в‚±250.00,в‚±250.00,в‚±298.00,в‚±252.00,,,,,,
KPC 23930A-00200,,,,,,050225,,Paid,Rabbit Bear 3-PC Girl Set,,12-24m,set,$3.85,48,0.00,в‚±58.00,,,,,в‚±500.00,в‚±200.00,в‚±200.00,в‚±304.00,в‚±252.00,,,,,,
KPC 23930A-00200,,,,,,050225,,Paid,Rabbit Bear 3-PC Boy Set,,12-24m,set,$3.85,36,0.00,в‚±58.00,,,,,в‚±300.00,в‚±200.00,в‚±200.00,в‚±305.00,в‚±252.00,,,,,,
KPC 23930A-00199,,,,,,051425,,Paid,Sleeveless Onesie,,0-24m,pc,$0.64,665,0.00,в‚±58.00,,,,,"в‚±1,500.00","в‚±1,000.00","в‚±1,000.00",в‚±54.00,в‚±59.00,,,,,,
,,,,,,051725,,,Rabbit+Bear,,,,,,,,,,,,,,,,,,,,,,
,,,,,,052325,,Paid,Baby Berry 2 PC set,,0-24m,set,$1.80,648,12.74,в‚±60.00,,,,,"в‚±3,952.29",в‚±548.93,в‚±548.93,в‚±147.00,в‚±155.00,,,,,,
KPC 23930A-00202,,,,,,053125,,Paid,Milkberry Pants,,12m-5T,pc,$0.62,142,1.67,в‚±60.00,,,,,в‚±519.65,в‚±72.17,в‚±72.17,в‚±54.00,в‚±59.00,,,,,,
KPC 23930A-00202,,,,,,053125,,Paid,Milkberry Shorts,,12m-5T,pc,$0.55,290,2.28,в‚±60.00,,,,,в‚±707.51,в‚±98.27,в‚±98.27,в‚±46.00,в‚±49.00,,,,,,
KPC 23930A-00202,,,,,,052325,,Paid,Banboo Cotton Tops,,12m-5T,pc,$0.69,420,3.30,в‚±60.00,,,,,"в‚±1,024.67",в‚±142.31,в‚±142.31,в‚±57.00,в‚±57.00,,,,,,
KPC 23930A-00202,,,,,,052325,,Paid,Milkberry 2-PC Top And Short Set,,12m-5T,pc,$1.94,634,12.46,в‚±60.00,,,,,"в‚±3,866.90",в‚±537.07,в‚±537.07,в‚±158.00,в‚±168.00,,,,,,
KPC 23930A-00203,,,,,,052325,,Paid,Milkberry 2-PC Set,,12m-5T,set,$1.94,395,9.39,в‚±60.00,,,,,"в‚±2,971.13",в‚±479.21,в‚±479.21,в‚±161.00,в‚±165.00,,,,,,
KPC 23930A-00203,,,,,,053125,,Paid,Cotton On Baby Sweatshirt,,0-24m,pc,$1.09,218,1.73,в‚±60.00,,,,,в‚±546.59,в‚±88.16,в‚±88.16,в‚±87.00,в‚±99.00,,,,,,
KPC 23930A-00203,,,,,,053125,,Paid,Cotton On Baby Tops,,0-3T,pc,$0.83,13,0.10,в‚±60.00,,,,,в‚±32.59,в‚±5.26,в‚±5.26,в‚±68.00,в‚±75.00,,,,,,
KPC 23930A-00203,,,,,,053125,,Paid,Cotton On Pants,,0-18m,pc,$0.76,35,0.28,в‚±60.00,,,,,в‚±87.75,в‚±14.15,в‚±14.15,в‚±62.00,в‚±75.00,,,,,,
KPC 23930A-00203,,,,,,053125,,Paid,Cotton On Jogger,,0-24m,pc,$0.83,96,0.76,в‚±60.00,,,,,в‚±240.70,в‚±38.82,в‚±38.82,в‚±68.00,в‚±75.00,,,,,,
KPC 23930A-00203,,,,,,053125,,Paid,Cotton On Shorts,,0-24m,pc,$0.76,447,3.54,в‚±60.00,,,,,"в‚±1,120.75",в‚±180.77,в‚±180.77,в‚±62.00,в‚±69.00,,,,,,
KPC 23930A-00203,,,,,,060725,,Paid,Mixed Tops,,0-3T,pc,$0.97,93,0.74,в‚±60.00,,,,,в‚±233.18,в‚±37.61,в‚±37.61,в‚±78.00,в‚±78.00,,,,,,
KPC 23930A-00203,,,,,,053125,,Paid,Cotton On & Milky Romper,,0-9m,pc,$1.40,30,0.36,в‚±60.00,,,,,в‚±112.83,в‚±18.20,в‚±18.20,в‚±113.00,в‚±125.00,,,,,,
,,,,,,060725,,Paid,Billieblush Poncho Towel,,1T-2T,pc,$0.69,11,0.13,в‚±60.00,,,,,в‚±41.37,в‚±6.67,в‚±6.67,в‚±59.00,в‚±85.00,,,,,,
KPC 23930A-00203,,,,,,060725,,Paid,Billieblush Romper,,12m-4T,pc,$1.24,14,0.17,в‚±60.00,,,,,в‚±52.65,в‚±8.49,в‚±8.49,в‚±101.00,в‚±105.00,,,,,,
KPC 23930A-00203,,,,,,060225,,Paid,Dymples Onesie Dress,,0-24m,pc,$1.86,514,4.07,в‚±60.00,,,,,"в‚±1,288.74",в‚±207.86,в‚±207.86,в‚±145.00,в‚±147.00,,,,,,
KPC 23930A-00203,,,,,,071025,,Paid,Yamp Zippered Romper,,0-9m,pc,$1.50,37,0.44,в‚±60.00,,,,,в‚±139.15,в‚±22.44,в‚±22.44,в‚±121.00,в‚±99.00,,,,,,
KPC 23930A-00203,,,,,,061225,,Paid,Onesie 3-PC Set,,0-9m,set,$2.19,376,11.92,в‚±60.00,,,,,"в‚±3,770.95",в‚±608.22,в‚±608.22,в‚±184.00,в‚±180.00,,,,,,
KPC 23930A-00203,,,,,,060225,,Paid,Ruffled Onesie,,0-9m,pc,$0.69,99,0.78,в‚±60.00,,,,,в‚±248.22,в‚±40.04,в‚±40.04,в‚±57.00,в‚±59.00,,,,,,
KPC 23930A-00203,,,,,,053125,,Paid,Ruffled Frogsuit,,0-9m,pc,$1.64,120,1.90,в‚±60.00,,,,,в‚±601.75,в‚±97.06,в‚±97.06,в‚±133.00,в‚±139.00,,,,,,
KPC 23930A-00203,,,,,,053125,,Paid,Ruffled Zippered Frogsuit,,0-9m,pc,$1.64,115,1.82,в‚±60.00,,,,,в‚±576.67,в‚±93.01,в‚±93.01,в‚±133.00,в‚±139.00,,,,,,
KPC 23930A-00203,,,,,,060725,,Paid,Milkberry 2PC Girl Set,,0-9m,set,$1.85,147,2.91,в‚±60.00,,,,,в‚±921.43,в‚±148.62,в‚±148.62,в‚±152.00,в‚±160.00,,,,,,
KPC 23930A-00203,,,,,,060725,,Paid,Guess Frogsuit,,0-9m,pc,$1.86,123,2.44,в‚±60.00,,,,,в‚±770.99,в‚±124.35,в‚±124.35,в‚±152.00,в‚±180.00,,,,,,
KPC 23930A-00203,,,,,,053125,,Paid,Nine West 3PC Onesie,,0-9m,pc,$2.33,155,4.91,в‚±60.00,,,,,"в‚±1,554.51",в‚±250.73,в‚±250.73,в‚±195.00,в‚±215.00,,,,,,
KPC 23930A-00203,,,,,,060725,,Paid,H&M 2PC Set,,2T-8T,set,$2.90,25,0.59,в‚±60.00,,,,,в‚±188.05,в‚±30.33,в‚±30.33,в‚±233.00,в‚±255.00,,,,,,
KPC 23930A-00201,,,,,,032125,,Paid,R+B Frogsuit And Romper Set,,0-9m,pc,$2.62,600,12.00,в‚±58.00,,,,,"в‚±3,000.00","в‚±1,500.00","в‚±1,500.00",в‚±205.00,в‚±239.00,,,,,,
KPC 23930A-00201,,,,,,031425,,Paid,Baby Carrier,,0-24,pc,$2.76,200,12.00,в‚±58.00,,,,,"в‚±3,800.00","в‚±1,500.00","в‚±1,500.00",в‚±247.00,в‚±250.00,,,,,,
KPC 23930A-00201,,,,,,060525,,Paid,Little Beggining Romper,,0-18m,pc,$1.39,728,12.00,в‚±58.00,,,,,"в‚±3,800.00",в‚±200.00,в‚±200.00,в‚±110.00,в‚±89.00,,,,,,
KPC 23930A-00201,,,,,,060525,,Paid,4-PC set,,12m,set,$3.87,8,2.00,в‚±58.00,,,,,в‚±500.00,в‚±50.00,в‚±50.00,в‚±392.00,в‚±345.00,,,,,,
KPC 23930A-00201,,,,,,060525,,Paid,Disney 3-PC set,,0-12m,set,$2.49,59,4.00,в‚±58.00,,,,,в‚±500.00,в‚±100.00,в‚±100.00,в‚±201.00,в‚±175.00,,,,,,
KPC 23930A-00201,,,,,,060525,,Paid,Kotton Kandy 3PC- 4PC set,,0-9m,set,$2.35,580,12.00,в‚±58.00,,,,,"в‚±5,900.00","в‚±1,000.00","в‚±1,000.00",в‚±190.00,в‚±175.00,,,,,,
KPC 23930A-00204,,,,,,060725,,Paid,Zippered Frogsuit,,0-9m,pc,$1.58,1530,29.66,в‚±60.00,,,,,"в‚±7,868.50","в‚±1,513.17","в‚±1,513.17",в‚±130.00,в‚±129.00,,,,,,
KPC 23930A-00204,,,,,,060725,,Paid,Ruffled Sleeveless Onesie,,0-9m,pc,$0.73,1437,11.14,в‚±60.00,,,,,"в‚±2,956.09",в‚±568.48,в‚±568.48,в‚±60.00,в‚±64.00,,,,,,
KPC 23930A-00204,,,,,,060725,,Paid,H&M Organic Rompers,,2m-4T,pc,$1.66,57,0.66,в‚±60.00,,,,,в‚±175.88,в‚±33.82,в‚±33.82,в‚±132.00,в‚±145.00,,,,,,
KPC 23930A-00204,,,,,,060725,,Paid,H&M Organic Jumper,,2m-4T,pc,$1.10,44,0.34,в‚±60.00,,,,,в‚±90.51,в‚±17.41,в‚±17.41,в‚±87.00,в‚±105.00,,,,,,
,,,,,,060725,,Paid,H&M Organic Polo Shirts,,0-4T,pc,$1.10,137,1.59,в‚±60.00,,,,,в‚±422.74,в‚±81.30,в‚±81.30,в‚±90.00,в‚±115.00,,,,,,
KPC 23930A-00204,,,,,,060725,,Paid,H&M Organic Polo Set,,1m-4T,set,$2.62,157,3.04,в‚±60.00,,,,,в‚±807.42,в‚±155.27,в‚±155.27,в‚±208.00,в‚±225.00,,,,,,
KPC 23930A-00204,,,,,,060725,,Paid,H&M Organic Set,,1m-4T,set,$2.62,132,2.56,в‚±60.00,,,,,в‚±678.85,в‚±130.55,в‚±130.55,в‚±208.00,в‚±215.00,,,,,,
KPC 23930A-00204,,,,,,060725,,Paid,H&M Long Overalls,,1m-2T,pc,$1.10,109,0.00,в‚±60.00,,,,,в‚±400.00,в‚±150.00,в‚±150.00,в‚±91.00,в‚±125.00,,,,,,
KPC 23930A-00205,,,,,,060725,,Paid,Nicole Miller Onesie,,0-9m,pc,$0.59,2500,0.00,в‚±60.00,,,,,"в‚±4,000.00","в‚±1,500.00","в‚±1,500.00",в‚±48.00,в‚±58.00,,,,,,
KPC 23930A-00206,,,,,,060725,,Paid,H&M 2-PC Set,,1m-4T,set,$2.62,171,4.37,в‚±60.00,,,,,"в‚±1,115.22",в‚±182.23,в‚±182.23,в‚±211.00,в‚±229.00,,,,,,
KPC 23930A-00206,,,,,,070225,,Paid,Milkbery 3-PC Set,,0-9m,set,$2.48,299,7.65,в‚±60.00,,,,,"в‚±1,950.00",в‚±318.63,в‚±318.63,в‚±200.00,в‚±210.00,,,,,,
,,,,,,060725,,Paid,H&M Pants,,1m-4T,pc,$0.82,373,3.18,в‚±60.00,,,,,в‚±810.87,в‚±132.50,в‚±132.50,в‚±66.00,в‚±85.00,,,,,,
KPC 23930A-00206,,,,,,060725,,Paid,H&M Hoodie Blouse,,6m-4T,pc,$0.69,39,0.33,в‚±60.00,,,,,в‚±84.78,в‚±13.85,в‚±13.85,в‚±57.00,в‚±85.00,,,,,,
KPC 23930A-00206,,,,,,070925,,Paid,Chickpea Onesie,,0-9m,pc,$0.60,5216,44.47,в‚±60.00,,,,,"в‚±11,339.13","в‚±1,852.80","в‚±1,852.80",в‚±50.00,в‚±45.00,,,,,,
KPC 23930A-00210,,,,,,070525,,Paid,Rabbit Bear Tops,,0-3T,pc,$0.90,2134,17.95,в‚±60.00,,,,,"в‚±4,960.59","в‚±1,181.09","в‚±1,181.09",в‚±73.00,в‚±79.00,,,,,,
KPC 23930A-00210,,,,,,070625,,Paid,Emily Oliver Rompers,,0-24m,pc,$1.53,92,1.16,в‚±60.00,,,,,в‚±320.79,в‚±76.38,в‚±76.38,в‚±123.00,в‚±145.00,,,,,,
KPC 23930A-00210,,,,,,070525,,Paid,Organic Romper,,0-12m,pc,$1.53,38,0.32,в‚±60.00,,,,,в‚±88.33,в‚±21.03,в‚±21.03,в‚±121.00,в‚±145.00,,,,,,
KPC 23930A-00210,,,,,,070525,,Paid,Rabbit Bear Romper,,0-9m,pc,$1.53,113,0.95,в‚±60.00,,,,,в‚±262.67,в‚±62.54,в‚±62.54,в‚±121.00,в‚±139.00,,,,,,
KPC 23930A-00210,,,,,,070525,,Paid,Organic Dress,,0-4T,pc,$1.32,1010,8.50,в‚±60.00,,,,,"в‚±2,347.80",в‚±559.00,в‚±559.00,в‚±105.00,в‚±119.00,,,,,,
KPC 23930A-00210,,,,,,070525,,Paid,Rabbit Bear 2-PC Set,,0-24m,set,$2.08,70,1.18,в‚±60.00,,,,,в‚±325.44,в‚±77.49,в‚±77.49,в‚±167.00,в‚±179.00,,,,,,
KPC 23930A-00210,,,,,,070525,,Paid,Rabbit Bear Jumper 2-PC Set,,0-24m,set,$2.15,119,2.00,в‚±60.00,,,,,в‚±553.24,в‚±131.72,в‚±131.72,в‚±172.00,в‚±182.00,,,,,,
KPC 23930A-00210,,,,,,070525,,Paid,Rabbit Beart Girls 2-PC Set,,0-3T,set,$2.15,302,5.08,в‚±60.00,,,,,"в‚±1,404.03",в‚±334.29,в‚±334.29,в‚±172.00,в‚±188.00,,,,,,
KPC 23930A-00210,,,,,,070525,,Paid,Rabbit Bear Boys 2-PC Set,,0-4T,set,$2.15,51,0.86,в‚±60.00,,,,,в‚±237.10,в‚±56.45,в‚±56.45,в‚±172.00,в‚±179.00,,,,,,
KPC 23930A-00209,,,,,,080425,,Paid,Mixed Tops,,0-3T,pc,$0.67,329,2.44,в‚±60.00,,,,,"в‚±1,015.20",в‚±126.90,в‚±126.90,в‚±56.00,в‚±65.00,,,,,,
KPC 23930A-00209,,,,,,070825,,Paid,H&M Shorts,,0-4T,pc,$0.62,361,2.67,в‚±60.00,,,,,"в‚±1,113.94",в‚±139.24,в‚±139.24,в‚±53.00,в‚±85.00,,,,,,
KPC 23930A-00209,,,,,,070525,,Paid,H&M Baby Jogger,,0-9m,pc,$0.56,1148,8.50,в‚±60.00,,,,,"в‚±3,542.39",в‚±442.80,в‚±442.80,в‚±48.00,в‚±74.00,,,,,,
KPC 23930A-00209,,,,,,070525,,Paid,H&M Jogger,,0-9m,pc,$0.56,1724,12.77,в‚±60.00,,,,,"в‚±5,319.76",в‚±664.97,в‚±664.97,в‚±48.00,в‚±74.00,,,,,,
KPC 23930A-00209,,,,,,070825,,Paid,H&M Organic Pants,,0-4T,pc,$0.84,122,0.90,в‚±60.00,,,,,в‚±376.46,в‚±47.06,в‚±47.06,в‚±69.00,в‚±85.00,,,,,,
KPC 23930A-00209,,,,,,070825,,Paid,H&M Organic Polo,,1m-2T,pc,$0.90,63,0.47,в‚±60.00,,,,,в‚±194.40,в‚±24.30,в‚±24.30,в‚±74.00,в‚±110.00,,,,,,
KPC 23930A-00209,,,,,,070825,,Paid,Rabbit Bear Long Sleeves Tops,,0-6T,pc,$1.11,358,2.65,в‚±60.00,,,,,"в‚±1,104.68",в‚±138.09,в‚±138.09,в‚±89.00,в‚±95.00,,,,,,
KPC 23930A-00209,,,,,,,,Paid,Rabbit Bear Organic Tops,,2T-4T,pc,$0.98,114,0.84,в‚±60.00,,,,,в‚±351.77,в‚±43.97,в‚±43.97,в‚±80.00,в‚±79.00,,,,,,
KPC 23930A-00209,,,,,,070825,,Paid,Rabbit Bear Pants,,0-9m,pc,$0.76,112,0.83,в‚±60.00,,,,,в‚±345.60,в‚±43.20,в‚±43.20,в‚±63.00,в‚±74.00,,,,,,
KPC 23930A-00209,,,,,,070525,,Paid,Rabbit Bear Undies,,0-24m,pc,$0.42,445,1.65,в‚±60.00,,,,,в‚±686.57,в‚±85.82,в‚±85.82,в‚±35.00,в‚±45.00,,,,,,
KPC 23930A-00209,,,,,,070825,,Paid,Rabbit Bear Shorts,,0-4T,pc,$0.76,865,6.41,в‚±60.00,,,,,"в‚±2,669.14",в‚±333.64,в‚±333.64,в‚±63.00,в‚±69.00,,,,,,
KPC 23930A-00209,,,,,,070825,,Paid,Rabbit Bear Long Sleeves Dress,,0-12m,pc,$1.39,84,0.93,в‚±60.00,,,,,в‚±388.80,в‚±48.60,в‚±48.60,в‚±113.00,в‚±135.00,,,,,,
KPC 23930A-00209,,,,,,070525,,Paid,Rabbit Bear Quilted Long Sleeves Dress,,0-18m,pc,$1.46,224,2.49,в‚±60.00,,,,,"в‚±1,036.80",в‚±129.60,в‚±129.60,в‚±118.00,в‚±135.00,,,,,,
KPC 23930A-00209,,,,,,070825,,Paid,Rabbit Bear Polo,,3m-4T,pc,$1.04,135,1.00,в‚±60.00,,,,,в‚±416.57,в‚±52.07,в‚±52.07,в‚±84.00,в‚±110.00,,,,,,
KPC 23930A-00209,,,,,,070825,,Paid,H&M Organic Shorts,,1m-4T,pc,$0.76,159,1.18,в‚±60.00,,,,,в‚±490.63,в‚±61.33,в‚±61.33,в‚±63.00,в‚±79.00,,,,,,
KPC 23930A-00209,,,,,,070825,,Paid,Rabbit Bear Jogger & Pants,,12m-4T,pc,$0.98,244,1.81,в‚±60.00,,,,,в‚±752.91,в‚±94.11,в‚±94.11,в‚±80.00,в‚±85.00,,,,,,
,,,,,,,,Paid,R+B Pants,,3m-3T,pc,$0.98,63,0.47,в‚±60.00,,,,,в‚±194.40,в‚±24.30,в‚±24.30,в‚±80.00,в‚±85.00,,,,,,
KPC 23930A-00207,,,,,,071225,,Paid,Baby Yamp! Onesie,,0-24m,pc,$0.62,4328,33.17,в‚±60.00,,,,,"в‚±5,805.31","в‚±1,382.22","в‚±1,382.22",в‚±50.00,в‚±54.00,,,,,,
KPC 23930A-00208,,,,,,071525,,Paid,Chickpea Onesie Batch 2,,0-9m,pc,$0.60,3500,26.83,в‚±60.00,,,,,"в‚±4,694.69","в‚±1,117.78","в‚±1,117.78",в‚±49.00,в‚±39.00,,,,,,
KPC 23930A-00207,,,,,,072425,,Paid,Mixed Brands Onesie,,0-24m,pc,$0.56,3500,30.00,в‚±60.00,,,,,"в‚±7,140.00","в‚±1,500.00","в‚±1,500.00",в‚±47.00,в‚±39.00,,,,,,
KPC 23930A-00211,,,,,,080725,,Paid,Mixed Brands Onesie,,0-24,pc,$0.56,15240,110.00,в‚±60.00,,,,,"в‚±28,160.00","в‚±2,500.00","в‚±2,500.00",в‚±46.00,в‚±37.00,,,,,,
KPC 23930A-00212,,,,,,081625,,Paid,Btween 2-PC Dress,,4T-8T,set,$3.62,22,0.65,в‚±60.00,,,,,в‚±224.78,в‚±31.22,в‚±31.22,в‚±292.00,в‚±325.00,,,,,,
KPC 23930A-00212,,,,,,081625,,Paid,Rare Edition 2-PC Set,,3-24m,set,$1.86,107,2.37,в‚±60.00,,,,,в‚±819.92,в‚±113.88,в‚±113.88,в‚±154.00,в‚±169.00,,,,,,
KPC 23930A-00212,,,,,,081625,,Paid,H&M 2-PC Set,,4m-4T,set,$2.36,46,1.02,в‚±60.00,,,,,в‚±352.49,в‚±48.96,в‚±48.96,в‚±192.00,в‚±235.00,,,,,,
KPC 23930A-00212,,,,,,081625,,Paid,H&M Lace Top & Skirt 2-PC Set,,3T-12T,set,$2.78,8,0.18,в‚±60.00,,,,,в‚±61.30,в‚±8.51,в‚±8.51,в‚±224.00,в‚±255.00,,,,,,
KPC 23930A-00212,,,,,,081825,,Paid,H&M Polo And Pants  2-PC Set,,4m-4T,set,$2.36,23,0.51,в‚±60.00,,,,,в‚±176.25,в‚±24.48,в‚±24.48,в‚±192.00,в‚±225.00,,,,,,
KPC 23930A-00212,,,,,,090525,,Paid,Disney Non-Footed Frogsuit,,0-24m,pc,$1.32,211,3.11,в‚±60.00,,,,,"в‚±1,077.91",в‚±149.71,в‚±149.71,в‚±109.00,в‚±95.00,,,,,,
KPC 23930A-00212,,,,,,081625,,Paid,Tex Pastel Romper,,3m-9m,pc,$1.39,48,0.53,в‚±60.00,,,,,в‚±183.91,в‚±25.54,в‚±25.54,в‚±112.00,в‚±119.00,,,,,,
KPC 23930A-00212,,,,,,081825,,Paid,Premium Jumpers,,0-24m,pc,$1.04,795,11.73,в‚±60.00,,,,,"в‚±4,061.30",в‚±564.07,в‚±564.07,в‚±88.00,в‚±105.00,,,,,,
KPC 23930A-00212,,,,,,090525,,Paid,Baby Jackets,,0-3T,pc,$1.18,613,6.79,в‚±60.00,,,,,"в‚±2,348.66",в‚±326.20,в‚±326.20,в‚±96.00,в‚±125.00,,,,,,
KPC 23930A-00212,,,,,,090525,,Paid,Zippered Bamboo Frogsuit,,0-24m,pc,$1.52,272,4.01,в‚±60.00,,,,,"в‚±1,389.53",в‚±192.99,в‚±192.99,в‚±124.00,в‚±129.00,,,,,,
KPC 23930A-00212,,,,,,081625,,Paid,Rabbit Bear Frogsuit With Headband,,0-9m,set,$2.52,64,1.42,в‚±60.00,,,,,в‚±490.42,в‚±68.11,в‚±68.11,в‚±204.00,в‚±225.00,,,,,,
KPC 23930A-00212,,,,,,081825,,Paid,Rabbit Bear 2-PC Set,,0-3T,set,$2.09,161,3.56,в‚±60.00,,,,,"в‚±1,233.72",в‚±171.35,в‚±171.35,в‚±172.00,в‚±190.00,,,,,,
KPC 23930A-00212,,,,,,081825,,Paid,Boys 2-PC Set,,0-4T,set,$2.66,45,1.00,в‚±60.00,,,,,в‚±344.83,в‚±47.89,в‚±47.89,в‚±215.00,в‚±225.00,,,,,,
KPC 23930A-00212,,,,,,081825,,Paid,Mini Threads 2-PC Set,,3m-24m,set,$1.82,70,1.55,в‚±60.00,,,,,в‚±536.40,в‚±74.50,в‚±74.50,в‚±151.00,в‚±165.00,,,,,,
KPC 23930A-00212,,,,,,081825,,Paid,Mixed 3-PC Set,,0-24m,set,$2.38,279,7.21,в‚±60.00,,,,,"в‚±2,494.25",в‚±346.42,в‚±346.42,в‚±196.00,в‚±215.00,,,,,,
KPC 23930A-00212,,,,,,081825,,Paid,3-PC Set,,0-24,set,$2.38,114,2.94,в‚±60.00,,,,,"в‚±1,019.16",в‚±141.55,в‚±141.55,в‚±196.00,в‚±205.00,,,,,,
KPC 23930A-00212,,,,,,090525,,Paid,HB Sleeveless Onesie,,0-18m,pc,$0.68,249,1.84,в‚±60.00,,,,,в‚±636.02,в‚±88.34,в‚±88.34,в‚±56.00,в‚±60.00,,,,,,
KPC 23930A-00212,,,,,,090525,,Paid,HB Shortsleeves Onesie,,0-24m,pc,$0.68,215,1.59,в‚±60.00,,,,,в‚±549.17,в‚±76.27,в‚±76.27,в‚±56.00,в‚±60.00,,,,,,
KPC 23930A-00213,,,,,,081625,,Paid,Rabbit Bear Shortsleeves Onesie,,0-12m,pc,$0.76,771,6.72,в‚±60.00,,,,,"в‚±3,807.41","в‚±1,399.78","в‚±1,399.78",в‚±69.00,в‚±78.00,,,,,,
KPC 23930A-00213,,,,,,090525,,Paid,Grayson Collective Organic Onesie,,0-24m,pc,$0.42,41,0.36,в‚±60.00,,,,,в‚±202.47,в‚±74.44,в‚±74.44,в‚±43.00,в‚±60.00,,,,,,
KPC 23930A-00213,,,,,,082025,,Paid,Disney Jumper,,0-24m,pc,$1.32,174,2.27,в‚±60.00,,,,,"в‚±1,288.89",в‚±473.86,в‚±473.86,в‚±117.00,в‚±125.00,,,,,,
KPC 23930A-00213,,,,,,090525,,Paid,Disney 2-PC Set,,12m-18m,set,$1.89,76,1.32,в‚±60.00,,,,,в‚±750.62,в‚±275.96,в‚±275.96,в‚±165.00,в‚±185.00,,,,,,
KPC 23930A-00213,,,,,,081625,,Paid,Disney Corduroy 2-PC Set,,0-9m,set,$2.09,76,1.32,в‚±60.00,,,,,в‚±750.62,в‚±275.96,в‚±275.96,в‚±180.00,в‚±205.00,,,,,,
KPC 23930A-00214,,,,,,090525,,Paid,Baby Pants,,12m-4T,pc,$0.90,126,0.92,60.00,,,,,в‚±242.63,в‚±60.66,в‚±60.66,в‚±72.00,в‚±79.00,,,,,,
KPC 23930A-00214,,,,,,090525,,Paid,H&M Sweater,,4m-4T,pc,$1.25,43,0.31,60.00,,,,,в‚±82.80,в‚±20.70,в‚±20.70,в‚±99.00,в‚±125.00,,,,,,
KPC 23930A-00214,,,,,,090525,,Paid,Baby Sweater,,0-24m,pc,$0.76,326,2.39,60.00,,,,,в‚±627.77,в‚±156.94,в‚±156.94,в‚±62.00,в‚±75.00,,,,,,
KPC 23930A-00214,,,,,,081825,,Paid,Organic Cotton Willow + Whimsy 3-PC Set,,0-12m,set,$1.76,972,21.34,60.00,,,,,"в‚±5,615.25","в‚±1,403.81","в‚±1,403.81",в‚±145.00,в‚±159.00,,,,,,
KPC 23930A-00214,,,,,,090525,,Paid,Baby Bibs 5-PC Set,,0-9m,pc,$1.50,148,2.71,60.00,,,,,в‚±712.50,в‚±178.12,в‚±178.12,в‚±124.00,в‚±145.00,,,,,,
KPC 23930A-00214,,,,,,090525,,Paid,Bibs,,0-24m,pc,$0.25,1080,3.95,60.00,,,,,"в‚±1,039.86",в‚±259.97,в‚±259.97,в‚±21.00,в‚±22.00,,,,,,
KPC 23930A-00214,,,,,,090625,,Paid,Baby Berry Frogsuit,,0-24m,pc,$1.46,109,1.60,60.00,,,,,в‚±419.80,в‚±104.95,в‚±104.95,в‚±119.00,в‚±129.00,,,,,,
KPC 23930A-00214,,,,,,090525,,Paid,Dymples & Baby Berry Non Footed Frogsuit,,0-24m,pc,$1.82,226,3.31,60.00,,,,,в‚±870.40,в‚±217.60,в‚±217.60,в‚±146.00,в‚±145.00,,,,,,
KPC 23930A-00214,,,,,,090625,,Paid,Milkberry Frogsuit,,0-9m,pc,$1.46,101,1.48,60.00,,,,,в‚±388.99,в‚±97.25,в‚±97.25,в‚±119.00,в‚±135.00,,,,,,
,,,,,,090525,,,Kids Tops & Short,,12m-16T,set,$4.20,152,12.00,в‚±60.00,,,,,"в‚±1,500.00","в‚±1,000.00","в‚±1,000.00",в‚±351.00,в‚±355.00,,,,,,
KPC 23930A-00215,,,,,,101625,,,Bamboo Cotton Non-Footed Frogsuit,,0-9m,pc,$1.34,161,3.40,в‚±60.00,,,,,в‚±978.33,в‚±223.36,в‚±223.36,в‚±114.00,в‚±125.00,,,,,,
KPC 23930A-00215,,,,,,101625,,,Baby Berry Onesie Romper Sweatshirt,,0-24m,pc,$0.92,216,1.82,в‚±60.00,,,,,в‚±525.02,в‚±119.87,в‚±119.87,в‚±75.00,в‚±105.00,,,,,,
KPC 23930A-00215,,,,,,,,,Milkberry 2-PC Set,,0-9m,set,$1.94,173,4.38,в‚±60.00,,,,,"в‚±1,261.50",в‚±288.01,в‚±288.01,в‚±162.00,в‚±179.00,,,,,,
KPC 23930A-00215,,,,,,,,,Milkberry 2-PC Pajama Set,,12-24m,set,$1.96,35,0.89,в‚±60.00,,,,,в‚±255.22,в‚±58.27,в‚±58.27,в‚±163.00,в‚±185.00,,,,,,
KPC 23930A-00215,,,,,,101625,,,Milkberry 4-PC Pajama Set,,12-24m,set,$4.02,7,0.35,в‚±60.00,,,,,в‚±102.09,в‚±23.31,в‚±23.31,в‚±333.00,в‚±360.00,,,,,,
KPC 23930A-00215,,,,,,,,,Rare Edition 2-PC Set,,3m-6T,set,$1.75,93,2.35,в‚±60.00,,,,,в‚±678.15,в‚±154.83,в‚±154.83,в‚±147.00,в‚±160.00,,,,,,
KPC 23930A-00215,,,,,,101625,,,Disney 5-PC Set,,0-9m,set,$3.62,14,0.77,в‚±60.00,,,,,в‚±221.19,в‚±50.50,в‚±50.50,в‚±306.00,в‚±310.00,,,,,,
KPC 23930A-00215,,,,,,101625,,,Milkberry 2-PC Girl Set,,0-3m,set,$2.22,10,0.30,в‚±60.00,,,,,в‚±85.07,в‚±19.42,в‚±19.42,в‚±185.00,в‚±185.00,,,,,,
KPC 23930A-00215,,,,,,,,,Disney 2-PC Set,,0-6m,set,$2.01,109,2.30,в‚±60.00,,,,,в‚±662.35,в‚±151.22,в‚±151.22,в‚±164.00,в‚±175.00,,,,,,
KPC 23930A-00215,,,,,,101625,,,H&M Disney Jumpers,,4m-4T,pc,$1.46,50,0.63,в‚±60.00,,,,,в‚±182.30,в‚±41.62,в‚±41.62,в‚±118.00,в‚±149.00,,,,,,
KPC 23930A-00215,,,,,,101625,,,H&M Denim Jumpers,,4m-6T,pc,$1.49,41,0.52,в‚±60.00,,,,,в‚±149.48,в‚±34.13,в‚±34.13,в‚±120.00,в‚±149.00,,,,,,
KPC 23930A-00215,,,,,,101625,,,Baby Berry/Dymples Tops,,6m-24m,pc,$0.62,575,4.85,в‚±60.00,,,,,"в‚±1,397.61",в‚±319.09,в‚±319.09,в‚±52.00,в‚±69.00,,,,,,
KPC 23930A-00215,,,,,,,,,Chickpea Tops,,3m-24m,pc,$1.10,286,4.82,в‚±60.00,,,,,"в‚±1,390.32",в‚±317.43,в‚±317.43,в‚±93.00,в‚±110.00,,,,,,
KPC 23930A-00215,,,,,,101625,,,Disney Vest,,0-24m,pc,$1.12,147,2.48,в‚±60.00,,,,,в‚±714.61,в‚±163.15,в‚±163.15,в‚±95.00,в‚±110.00,,,,,,
KPC 23930A-00215,,,,,,101625,,,H&M Organic Shorts,,0-4T,pc,$0.64,692,5.84,в‚±60.00,,,,,"в‚±1,682.00",в‚±384.02,в‚±384.02,в‚±54.00,в‚±65.00,,,,,,
KPC 23930A-00215,,,,,,101625,,,H&M Shorts,,4m-4T,pc,$0.70,56,0.47,в‚±60.00,,,,,в‚±136.12,в‚±31.08,в‚±31.08,в‚±58.00,в‚±70.00,,,,,,
KPC 23930A-00215,,,,,,101625,,,H&M Dress,,4m-4T,pc,$1.26,36,0.76,в‚±60.00,,,,,в‚±218.76,в‚±49.94,в‚±49.94,в‚±108.00,в‚±145.00,,,,,,
KPC 23930A-00215,,,,,,101625,,,Bear Paw Dress,,2T-12T,pc,$1.96,51,1.08,в‚±60.00,,,,,в‚±309.91,в‚±70.75,в‚±70.75,в‚±161.00,в‚±180.00,,,,,,
,,,,,,101725,,,Baby Socks,,0-24m,pair,$0.24,1500,0.00,в‚±60.00,,,,,"в‚±3,500.00","в‚±1,500.00","в‚±1,500.00",в‚±24.00,в‚±28.00,,,,,,